clip_key,frame_idx,prob_playing,pred_playing,is_playing
6rRMEXuLAng_013,0,1.0,1,0
6rRMEXuLAng_013,1,1.0,1,1
6rRMEXuLAng_013,2,1.0,1,1
6rRMEXuLAng_013,3,1.0,1,1
6rRMEXuLAng_013,4,1.0,1,1
6rRMEXuLAng_013,5,1.0,1,1
6rRMEXuLAng_013,6,1.0,1,1
6rRMEXuLAng_013,7,1.0,1,1
6rRMEXuLAng_013,8,1.0,1,1
6rRMEXuLAng_013,9,1.0,1,1
6rRMEXuLAng_013,10,1.0,1,1
6rRMEXuLAng_013,11,1.0,1,1
6rRMEXuLAng_013,12,1.0,1,1
6rRMEXuLAng_013,13,1.0,1,1
6rRMEXuLAng_013,14,1.0,1,1
6rRMEXuLAng_013,15,1.0,1,1
6rRMEXuLAng_013,16,1.0,1,1
6rRMEXuLAng_013,17,1.0,1,1
6rRMEXuLAng_013,18,1.0,1,1
6rRMEXuLAng_013,19,1.0,1,1
6rRMEXuLAng_013,20,1.0,1,1
6rRMEXuLAng_013,21,1.0,1,1
6rRMEXuLAng_013,22,1.0,1,1
6rRMEXuLAng_013,23,1.0,1,1
6rRMEXuLAng_013,24,1.0,1,1
6rRMEXuLAng_013,25,1.0,1,1
6rRMEXuLAng_013,26,1.0,1,1
6rRMEXuLAng_013,27,1.0,1,1
6rRMEXuLAng_013,28,1.0,1,1
6rRMEXuLAng_013,29,1.0,1,1
6rRMEXuLAng_013,30,1.0,1,1
6rRMEXuLAng_013,31,1.0,1,1
6rRMEXuLAng_013,32,1.0,1,1
6rRMEXuLAng_013,33,1.0,1,1
6rRMEXuLAng_013,34,1.0,1,1
6rRMEXuLAng_013,35,1.0,1,1
6rRMEXuLAng_013,36,1.0,1,1
6rRMEXuLAng_013,37,1.0,1,1
6rRMEXuLAng_013,38,1.0,1,1
6rRMEXuLAng_013,39,1.0,1,1
6rRMEXuLAng_013,40,1.0,1,1
6rRMEXuLAng_013,41,1.0,1,1
6rRMEXuLAng_013,42,1.0,1,1
6rRMEXuLAng_013,43,1.0,1,1
6rRMEXuLAng_013,44,1.0,1,1
6rRMEXuLAng_013,45,1.0,1,1
6rRMEXuLAng_013,46,1.0,1,1
6rRMEXuLAng_013,47,1.0,1,1
6rRMEXuLAng_013,48,1.0,1,1
6rRMEXuLAng_013,49,1.0,1,1
6rRMEXuLAng_013,50,1.0,1,1
6rRMEXuLAng_013,51,1.0,1,1
6rRMEXuLAng_013,52,1.0,1,1
6rRMEXuLAng_013,53,1.0,1,1
6rRMEXuLAng_013,54,1.0,1,1
6rRMEXuLAng_013,55,1.0,1,1
6rRMEXuLAng_013,56,1.0,1,1
6rRMEXuLAng_013,57,1.0,1,1
6rRMEXuLAng_013,58,1.0,1,1
6rRMEXuLAng_013,59,1.0,1,1
6rRMEXuLAng_013,60,1.0,1,1
6rRMEXuLAng_013,61,1.0,1,1
6rRMEXuLAng_013,62,1.0,1,1
6rRMEXuLAng_013,63,1.0,1,1
6rRMEXuLAng_013,64,1.0,1,1
6rRMEXuLAng_013,65,1.0,1,1
6rRMEXuLAng_013,66,1.0,1,1
6rRMEXuLAng_013,67,1.0,1,1
6rRMEXuLAng_013,68,1.0,1,1
6rRMEXuLAng_013,69,1.0,1,1
6rRMEXuLAng_013,70,1.0,1,1
6rRMEXuLAng_013,71,1.0,1,1
6rRMEXuLAng_013,72,1.0,1,1
6rRMEXuLAng_013,73,1.0,1,1
6rRMEXuLAng_013,74,1.0,1,1
6rRMEXuLAng_013,75,1.0,1,1
6rRMEXuLAng_013,76,1.0,1,1
6rRMEXuLAng_013,77,1.0,1,1
6rRMEXuLAng_013,78,1.0,1,1
6rRMEXuLAng_013,79,1.0,1,1
6rRMEXuLAng_013,80,1.0,1,1
6rRMEXuLAng_013,81,1.0,1,1
6rRMEXuLAng_013,82,1.0,1,1
6rRMEXuLAng_013,83,1.0,1,1
6rRMEXuLAng_013,84,1.0,1,1
6rRMEXuLAng_013,85,1.0,1,1
6rRMEXuLAng_013,86,1.0,1,1
6rRMEXuLAng_013,87,1.0,1,1
6rRMEXuLAng_013,88,1.0,1,1
6rRMEXuLAng_013,89,1.0,1,1
6rRMEXuLAng_013,90,1.0,1,1
6rRMEXuLAng_013,91,1.0,1,1
6rRMEXuLAng_013,92,1.0,1,1
6rRMEXuLAng_013,93,1.0,1,1
6rRMEXuLAng_013,94,1.0,1,1
6rRMEXuLAng_013,95,1.0,1,1
6rRMEXuLAng_013,96,1.0,1,1
6rRMEXuLAng_013,97,1.0,1,1
6rRMEXuLAng_013,98,1.0,1,1
6rRMEXuLAng_013,99,1.0,1,1
6rRMEXuLAng_013,100,1.0,1,1
6rRMEXuLAng_013,101,1.0,1,1
6rRMEXuLAng_013,102,1.0,1,1
6rRMEXuLAng_013,103,1.0,1,1
6rRMEXuLAng_013,104,1.0,1,1
6rRMEXuLAng_013,105,1.0,1,1
6rRMEXuLAng_013,106,1.0,1,1
6rRMEXuLAng_013,107,1.0,1,1
6rRMEXuLAng_013,108,1.0,1,1
6rRMEXuLAng_013,109,1.0,1,1
6rRMEXuLAng_013,110,1.0,1,1
6rRMEXuLAng_013,111,1.0,1,1
6rRMEXuLAng_013,112,1.0,1,1
6rRMEXuLAng_013,113,1.0,1,1
6rRMEXuLAng_013,114,1.0,1,1
6rRMEXuLAng_013,115,1.0,1,1
6rRMEXuLAng_013,116,1.0,1,1
6rRMEXuLAng_013,117,1.0,1,1
6rRMEXuLAng_013,118,1.0,1,1
6rRMEXuLAng_013,119,1.0,1,1
6rRMEXuLAng_013,120,1.0,1,1
6rRMEXuLAng_013,121,1.0,1,1
6rRMEXuLAng_013,122,1.0,1,1
6rRMEXuLAng_013,123,1.0,1,1
6rRMEXuLAng_013,124,1.0,1,1
6rRMEXuLAng_013,125,1.0,1,1
6rRMEXuLAng_013,126,1.0,1,1
6rRMEXuLAng_013,127,1.0,1,1
6rRMEXuLAng_013,128,1.0,1,1
6rRMEXuLAng_013,129,1.0,1,1
6rRMEXuLAng_013,130,1.0,1,1
6rRMEXuLAng_013,131,1.0,1,1
6rRMEXuLAng_013,132,1.0,1,1
6rRMEXuLAng_013,133,1.0,1,1
6rRMEXuLAng_013,134,1.0,1,1
6rRMEXuLAng_013,135,1.0,1,1
6rRMEXuLAng_013,136,1.0,1,1
6rRMEXuLAng_013,137,1.0,1,1
6rRMEXuLAng_013,138,1.0,1,1
6rRMEXuLAng_013,139,1.0,1,1
6rRMEXuLAng_013,140,1.0,1,1
6rRMEXuLAng_013,141,1.0,1,1
6rRMEXuLAng_013,142,1.0,1,1
6rRMEXuLAng_013,143,1.0,1,1
6rRMEXuLAng_013,144,1.0,1,1
6rRMEXuLAng_013,145,1.0,1,1
6rRMEXuLAng_013,146,1.0,1,1
6rRMEXuLAng_013,147,1.0,1,1
6rRMEXuLAng_013,148,1.0,1,1
6rRMEXuLAng_013,149,1.0,1,1
6rRMEXuLAng_013,150,1.0,1,1
6rRMEXuLAng_013,151,1.0,1,1
6rRMEXuLAng_013,152,1.0,1,1
6rRMEXuLAng_013,153,1.0,1,1
6rRMEXuLAng_013,154,1.0,1,1
6rRMEXuLAng_013,155,1.0,1,1
6rRMEXuLAng_013,156,1.0,1,1
6rRMEXuLAng_013,157,1.0,1,1
6rRMEXuLAng_013,158,1.0,1,1
6rRMEXuLAng_013,159,1.0,1,1
6rRMEXuLAng_013,160,1.0,1,1
6rRMEXuLAng_013,161,1.0,1,1
6rRMEXuLAng_013,162,1.0,1,1
6rRMEXuLAng_013,163,1.0,1,1
6rRMEXuLAng_013,164,1.0,1,1
6rRMEXuLAng_013,165,1.0,1,1
6rRMEXuLAng_013,166,1.0,1,1
6rRMEXuLAng_013,167,1.0,1,1
6rRMEXuLAng_013,168,1.0,1,1
6rRMEXuLAng_013,169,1.0,1,1
6rRMEXuLAng_013,170,1.0,1,1
6rRMEXuLAng_013,171,1.0,1,1
6rRMEXuLAng_013,172,1.0,1,1
6rRMEXuLAng_013,173,1.0,1,1
6rRMEXuLAng_013,174,1.0,1,1
6rRMEXuLAng_013,175,1.0,1,1
6rRMEXuLAng_013,176,1.0,1,1
6rRMEXuLAng_013,177,1.0,1,1
6rRMEXuLAng_013,178,1.0,1,1
6rRMEXuLAng_013,179,1.0,1,1
6rRMEXuLAng_013,180,1.0,1,1
6rRMEXuLAng_013,181,1.0,1,1
6rRMEXuLAng_013,182,1.0,1,1
6rRMEXuLAng_013,183,1.0,1,1
6rRMEXuLAng_013,184,1.0,1,1
6rRMEXuLAng_013,185,1.0,1,1
6rRMEXuLAng_013,186,1.0,1,1
6rRMEXuLAng_013,187,1.0,1,1
6rRMEXuLAng_013,188,1.0,1,1
6rRMEXuLAng_013,189,1.0,1,1
6rRMEXuLAng_013,190,1.0,1,1
6rRMEXuLAng_013,191,1.0,1,1
6rRMEXuLAng_013,192,1.0,1,1
6rRMEXuLAng_013,193,1.0,1,1
6rRMEXuLAng_013,194,1.0,1,1
6rRMEXuLAng_013,195,1.0,1,1
6rRMEXuLAng_013,196,1.0,1,1
6rRMEXuLAng_013,197,1.0,1,1
6rRMEXuLAng_013,198,1.0,1,1
6rRMEXuLAng_013,199,1.0,1,1
6rRMEXuLAng_013,200,1.0,1,1
6rRMEXuLAng_013,201,1.0,1,1
6rRMEXuLAng_013,202,1.0,1,1
6rRMEXuLAng_013,203,1.0,1,1
6rRMEXuLAng_013,204,1.0,1,1
6rRMEXuLAng_013,205,1.0,1,1
6rRMEXuLAng_013,206,1.0,1,1
6rRMEXuLAng_013,207,1.0,1,1
6rRMEXuLAng_013,208,1.0,1,1
6rRMEXuLAng_013,209,1.0,1,1
6rRMEXuLAng_013,210,1.0,1,1
6rRMEXuLAng_013,211,1.0,1,1
6rRMEXuLAng_013,212,1.0,1,1
6rRMEXuLAng_013,213,1.0,1,1
6rRMEXuLAng_013,214,1.0,1,1
6rRMEXuLAng_013,215,1.0,1,1
6rRMEXuLAng_013,216,1.0,1,1
6rRMEXuLAng_013,217,1.0,1,1
6rRMEXuLAng_013,218,1.0,1,1
6rRMEXuLAng_013,219,1.0,1,1
6rRMEXuLAng_013,220,1.0,1,1
6rRMEXuLAng_013,221,1.0,1,1
6rRMEXuLAng_013,222,1.0,1,1
6rRMEXuLAng_013,223,1.0,1,1
6rRMEXuLAng_013,224,1.0,1,1
6rRMEXuLAng_013,225,1.0,1,1
6rRMEXuLAng_013,226,1.0,1,1
6rRMEXuLAng_013,227,1.0,1,1
6rRMEXuLAng_013,228,1.0,1,1
6rRMEXuLAng_013,229,1.0,1,1
6rRMEXuLAng_013,230,1.0,1,1
6rRMEXuLAng_013,231,1.0,1,1
6rRMEXuLAng_013,232,1.0,1,1
6rRMEXuLAng_013,233,1.0,1,1
6rRMEXuLAng_013,234,1.0,1,1
6rRMEXuLAng_013,235,1.0,1,1
6rRMEXuLAng_013,236,1.0,1,1
6rRMEXuLAng_013,237,1.0,1,1
6rRMEXuLAng_013,238,1.0,1,1
6rRMEXuLAng_013,239,1.0,1,1
6rRMEXuLAng_013,240,1.0,1,1
6rRMEXuLAng_013,241,1.0,1,1
6rRMEXuLAng_013,242,1.0,1,1
6rRMEXuLAng_013,243,1.0,1,1
6rRMEXuLAng_013,244,1.0,1,1
6rRMEXuLAng_013,245,1.0,1,1
6rRMEXuLAng_013,246,1.0,1,1
6rRMEXuLAng_013,247,1.0,1,1
6rRMEXuLAng_013,248,1.0,1,1
6rRMEXuLAng_013,249,1.0,1,1
6rRMEXuLAng_013,250,1.0,1,1
6rRMEXuLAng_013,251,1.0,1,1
6rRMEXuLAng_013,252,1.0,1,1
6rRMEXuLAng_013,253,1.0,1,1
6rRMEXuLAng_013,254,1.0,1,1
6rRMEXuLAng_013,255,1.0,1,1
6rRMEXuLAng_013,256,1.0,1,1
6rRMEXuLAng_013,257,1.0,1,1
6rRMEXuLAng_013,258,1.0,1,1
6rRMEXuLAng_013,259,1.0,1,1
6rRMEXuLAng_013,260,1.0,1,1
6rRMEXuLAng_013,261,1.0,1,1
6rRMEXuLAng_013,262,1.0,1,1
6rRMEXuLAng_013,263,1.0,1,1
6rRMEXuLAng_013,264,1.0,1,1
6rRMEXuLAng_013,265,1.0,1,1
6rRMEXuLAng_013,266,1.0,1,1
6rRMEXuLAng_013,267,1.0,1,1
6rRMEXuLAng_013,268,1.0,1,1
6rRMEXuLAng_013,269,1.0,1,1
6rRMEXuLAng_013,270,1.0,1,1
6rRMEXuLAng_013,271,1.0,1,1
6rRMEXuLAng_013,272,1.0,1,1
6rRMEXuLAng_013,273,1.0,1,1
6rRMEXuLAng_013,274,1.0,1,1
6rRMEXuLAng_013,275,1.0,1,1
6rRMEXuLAng_013,276,1.0,1,1
6rRMEXuLAng_013,277,1.0,1,1
6rRMEXuLAng_013,278,1.0,1,1
6rRMEXuLAng_013,279,1.0,1,1
6rRMEXuLAng_013,280,1.0,1,1
6rRMEXuLAng_013,281,1.0,1,1
6rRMEXuLAng_013,282,1.0,1,1
6rRMEXuLAng_013,283,1.0,1,1
6rRMEXuLAng_013,284,1.0,1,1
6rRMEXuLAng_013,285,1.0,1,1
6rRMEXuLAng_013,286,1.0,1,1
6rRMEXuLAng_013,287,1.0,1,1
6rRMEXuLAng_013,288,1.0,1,1
6rRMEXuLAng_013,289,1.0,1,1
6rRMEXuLAng_013,290,1.0,1,1
6rRMEXuLAng_013,291,1.0,1,1
6rRMEXuLAng_013,292,1.0,1,1
6rRMEXuLAng_013,293,1.0,1,1
6rRMEXuLAng_013,294,1.0,1,1
6rRMEXuLAng_013,295,1.0,1,1
6rRMEXuLAng_013,296,1.0,1,1
6rRMEXuLAng_013,297,1.0,1,1
6rRMEXuLAng_013,298,1.0,1,1
6rRMEXuLAng_013,299,1.0,1,1
6rRMEXuLAng_013,300,1.0,1,1
6rRMEXuLAng_013,301,1.0,1,1
6rRMEXuLAng_013,302,1.0,1,1
6rRMEXuLAng_013,303,1.0,1,1
6rRMEXuLAng_013,304,1.0,1,1
6rRMEXuLAng_013,305,1.0,1,1
6rRMEXuLAng_013,306,1.0,1,1
6rRMEXuLAng_013,307,1.0,1,1
6rRMEXuLAng_013,308,1.0,1,1
6rRMEXuLAng_013,309,1.0,1,1
6rRMEXuLAng_013,310,1.0,1,1
6rRMEXuLAng_013,311,1.0,1,1
6rRMEXuLAng_013,312,1.0,1,1
6rRMEXuLAng_013,313,1.0,1,1
6rRMEXuLAng_013,314,1.0,1,1
6rRMEXuLAng_013,315,1.0,1,1
6rRMEXuLAng_013,316,1.0,1,1
6rRMEXuLAng_013,317,1.0,1,1
6rRMEXuLAng_013,318,1.0,1,1
6rRMEXuLAng_013,319,1.0,1,1
6rRMEXuLAng_013,320,1.0,1,1
6rRMEXuLAng_013,321,1.0,1,1
6rRMEXuLAng_013,322,1.0,1,1
6rRMEXuLAng_013,323,1.0,1,1
6rRMEXuLAng_013,324,1.0,1,1
6rRMEXuLAng_013,325,1.0,1,1
6rRMEXuLAng_013,326,1.0,1,1
6rRMEXuLAng_013,327,1.0,1,1
6rRMEXuLAng_013,328,1.0,1,1
6rRMEXuLAng_013,329,1.0,1,1
6rRMEXuLAng_013,330,1.0,1,1
6rRMEXuLAng_013,331,1.0,1,1
6rRMEXuLAng_013,332,1.0,1,1
6rRMEXuLAng_013,333,1.0,1,1
6rRMEXuLAng_013,334,1.0,1,1
6rRMEXuLAng_013,335,1.0,1,1
6rRMEXuLAng_013,336,1.0,1,1
6rRMEXuLAng_013,337,1.0,1,1
6rRMEXuLAng_013,338,1.0,1,1
6rRMEXuLAng_013,339,1.0,1,1
6rRMEXuLAng_013,340,1.0,1,1
6rRMEXuLAng_013,341,1.0,1,1
6rRMEXuLAng_013,342,1.0,1,1
6rRMEXuLAng_013,343,1.0,1,1
6rRMEXuLAng_013,344,1.0,1,1
6rRMEXuLAng_013,345,1.0,1,1
6rRMEXuLAng_013,346,1.0,1,1
6rRMEXuLAng_013,347,1.0,1,1
6rRMEXuLAng_013,348,1.0,1,1
6rRMEXuLAng_013,349,1.0,1,1
6rRMEXuLAng_013,350,1.0,1,1
6rRMEXuLAng_013,351,1.0,1,1
6rRMEXuLAng_013,352,1.0,1,1
6rRMEXuLAng_013,353,1.0,1,1
6rRMEXuLAng_013,354,1.0,1,1
6rRMEXuLAng_013,355,1.0,1,1
6rRMEXuLAng_013,356,1.0,1,1
6rRMEXuLAng_013,357,1.0,1,1
6rRMEXuLAng_013,358,1.0,1,1
6rRMEXuLAng_013,359,1.0,1,1
6rRMEXuLAng_013,360,1.0,1,1
6rRMEXuLAng_013,361,1.0,1,1
6rRMEXuLAng_013,362,1.0,1,1
6rRMEXuLAng_013,363,1.0,1,1
6rRMEXuLAng_013,364,1.0,1,1
6rRMEXuLAng_013,365,1.0,1,1
6rRMEXuLAng_013,366,1.0,1,1
6rRMEXuLAng_013,367,1.0,1,1
6rRMEXuLAng_013,368,1.0,1,1
6rRMEXuLAng_013,369,1.0,1,1
6rRMEXuLAng_013,370,1.0,1,1
6rRMEXuLAng_013,371,1.0,1,1
6rRMEXuLAng_013,372,1.0,1,1
6rRMEXuLAng_013,373,1.0,1,1
6rRMEXuLAng_013,374,1.0,1,1
6rRMEXuLAng_013,375,1.0,1,1
6rRMEXuLAng_013,376,1.0,1,1
6rRMEXuLAng_013,377,1.0,1,1
6rRMEXuLAng_013,378,1.0,1,1
6rRMEXuLAng_013,379,1.0,1,1
6rRMEXuLAng_013,380,1.0,1,1
6rRMEXuLAng_013,381,1.0,1,1
6rRMEXuLAng_013,382,1.0,1,1
6rRMEXuLAng_013,383,1.0,1,0
6rRMEXuLAng_013,384,1.0,1,0
6rRMEXuLAng_013,385,1.0,1,0
6rRMEXuLAng_013,386,1.0,1,0
6rRMEXuLAng_013,387,1.0,1,0
6rRMEXuLAng_013,388,1.0,1,0
6rRMEXuLAng_013,389,1.0,1,0
6rRMEXuLAng_013,390,1.0,1,0
6rRMEXuLAng_013,391,1.0,1,0
6rRMEXuLAng_013,392,1.0,1,0
6rRMEXuLAng_013,393,1.0,1,0
6rRMEXuLAng_013,394,1.0,1,0
6rRMEXuLAng_013,395,1.0,1,0
6rRMEXuLAng_013,396,1.0,1,0
6rRMEXuLAng_013,397,1.0,1,0
6rRMEXuLAng_013,398,1.0,1,0
6rRMEXuLAng_013,399,1.0,1,0
6rRMEXuLAng_013,400,1.0,1,0
6rRMEXuLAng_013,401,1.0,1,0
6rRMEXuLAng_013,402,1.0,1,0
6rRMEXuLAng_013,403,1.0,1,0
6rRMEXuLAng_013,404,1.0,1,0
6rRMEXuLAng_013,405,1.0,1,0
6rRMEXuLAng_013,406,1.0,1,0
6rRMEXuLAng_013,407,1.0,1,0
6rRMEXuLAng_013,408,1.0,1,0
6rRMEXuLAng_013,409,1.0,1,0
6rRMEXuLAng_013,410,1.0,1,0
6rRMEXuLAng_013,411,1.0,1,0
6rRMEXuLAng_013,412,1.0,1,0
6rRMEXuLAng_013,413,1.0,1,0
6rRMEXuLAng_013,414,1.0,1,0
6rRMEXuLAng_013,415,1.0,1,0
6rRMEXuLAng_013,416,0.9999998807907104,1,0
6rRMEXuLAng_013,417,1.0,1,0
6rRMEXuLAng_013,418,0.9999997615814209,1,0
6rRMEXuLAng_013,419,0.9999996423721313,1,0
6rRMEXuLAng_013,420,0.9999985694885254,1,0
6rRMEXuLAng_013,421,0.9999837875366211,1,0
6rRMEXuLAng_013,422,0.9999651908874512,1,0
6rRMEXuLAng_013,423,0.9999665021896362,1,0
6rRMEXuLAng_013,424,0.9999533891677856,1,0
6rRMEXuLAng_013,425,0.9999592304229736,1,0
6rRMEXuLAng_013,426,0.9999194145202637,1,0
6rRMEXuLAng_013,427,0.9997962117195129,1,0
6rRMEXuLAng_013,428,0.9996337890625,1,0
6rRMEXuLAng_013,429,0.9993757605552673,1,0
6rRMEXuLAng_013,430,0.9987769722938538,1,0
6rRMEXuLAng_013,431,0.9980975985527039,1,0
6rRMEXuLAng_013,432,0.9981005787849426,1,0
6rRMEXuLAng_013,433,0.9968204498291016,1,0
6rRMEXuLAng_013,434,0.9933376312255859,1,0
6rRMEXuLAng_013,435,0.9793474078178406,1,0
6rRMEXuLAng_013,436,0.9251794815063477,1,0
6rRMEXuLAng_013,437,0.9387402534484863,1,0
6rRMEXuLAng_013,438,0.8761777281761169,1,0
6rRMEXuLAng_013,439,0.7809622883796692,1,0
6rRMEXuLAng_013,440,0.45969709753990173,1,0
6rRMEXuLAng_013,441,0.12273633480072021,0,0
6rRMEXuLAng_013,442,0.08171481639146805,0,0
6rRMEXuLAng_013,443,0.0041146609000861645,0,0
6rRMEXuLAng_013,444,0.002545911120250821,0,0
6rRMEXuLAng_013,445,0.0005622413009405136,0,0
6rRMEXuLAng_013,446,0.0003033977118320763,0,0
6rRMEXuLAng_013,447,0.00011893827468156815,0,0
6rRMEXuLAng_013,448,0.00011751790589187294,0,0
6rRMEXuLAng_013,449,8.952288771979511e-05,0,0
6rRMEXuLAng_013,450,7.228707545436919e-05,0,0
6rRMEXuLAng_013,451,2.877190308936406e-05,0,0
6rRMEXuLAng_013,452,1.2395100384310354e-05,0,0
6rRMEXuLAng_013,453,4.415414878167212e-06,0,0
6rRMEXuLAng_013,454,2.2946319404582027e-06,0,0
6rRMEXuLAng_013,455,1.7916250953931012e-06,0,0
6rRMEXuLAng_013,456,2.100218125633546e-06,0,0
6rRMEXuLAng_013,457,2.2000481294526253e-06,0,0
6rRMEXuLAng_013,458,9.93600110632542e-07,0,0
6rRMEXuLAng_013,459,5.380641709962219e-07,0,0
6rRMEXuLAng_013,460,2.7150872483616695e-07,0,0
6rRMEXuLAng_013,461,3.119073141988338e-07,0,0
6rRMEXuLAng_013,462,6.026905907674518e-07,0,0
6rRMEXuLAng_013,463,4.197935936645081e-07,0,0
6rRMEXuLAng_013,464,1.9194479250472796e-07,0,0
6rRMEXuLAng_013,465,8.538360418697266e-08,0,0
6rRMEXuLAng_013,466,8.124379036189566e-08,0,0
6rRMEXuLAng_013,467,6.933368013051222e-08,0,0
6rRMEXuLAng_013,468,4.3046973985383374e-08,0,0
6rRMEXuLAng_013,469,1.1961012624794876e-08,0,0
6rRMEXuLAng_013,470,5.141973957734081e-09,0,0
6rRMEXuLAng_013,471,8.367638137940503e-09,0,0
6rRMEXuLAng_013,472,9.574716131055538e-09,0,0
6rRMEXuLAng_013,473,1.5362697780574308e-08,0,0
6rRMEXuLAng_013,474,1.3056118852716736e-08,0,0
6rRMEXuLAng_013,475,1.0266627548105589e-08,0,0
6rRMEXuLAng_013,476,1.3736850767998021e-08,0,0
6rRMEXuLAng_013,477,1.5002127540242327e-08,0,0
6rRMEXuLAng_013,478,1.5265081643178746e-08,0,0
6rRMEXuLAng_013,479,1.3341335147742939e-08,0,0
6rRMEXuLAng_013,480,1.5826858046352754e-08,0,0
6rRMEXuLAng_013,481,3.266669423851454e-08,0,0
6rRMEXuLAng_013,482,8.215068447725571e-08,0,0
6rRMEXuLAng_013,483,1.471864550239843e-07,0,0
6rRMEXuLAng_013,484,1.5937554564970924e-07,0,0
6rRMEXuLAng_013,485,2.2459910553607187e-07,0,0
6rRMEXuLAng_013,486,4.5643056978406094e-07,0,0
6rRMEXuLAng_013,487,1.3978101378597785e-06,0,0
6rRMEXuLAng_013,488,2.3964291813172167e-06,0,0
6rRMEXuLAng_013,489,1.178248112410074e-06,0,0
6rRMEXuLAng_013,490,1.2650946246139938e-06,0,0
6rRMEXuLAng_013,491,5.014945827497286e-07,0,0
6rRMEXuLAng_013,492,8.666881967656082e-07,0,0
6rRMEXuLAng_013,493,8.420121275776182e-07,0,0
6rRMEXuLAng_013,494,1.0805214287756826e-06,0,0
6rRMEXuLAng_013,495,3.887164893967565e-06,0,0
6rRMEXuLAng_013,496,1.2817056813219097e-05,0,0
6rRMEXuLAng_013,497,2.2572507077711634e-05,0,0
6rRMEXuLAng_013,498,1.2463566235965118e-05,0,0
6rRMEXuLAng_013,499,1.039962808135897e-05,0,0
6rRMEXuLAng_013,500,7.442790774803143e-06,0,0
6rRMEXuLAng_013,501,6.184679023135686e-06,0,0
6rRMEXuLAng_013,502,8.146876098180655e-06,0,0
6rRMEXuLAng_013,503,6.168633717607008e-06,0,0
6rRMEXuLAng_013,504,3.6795363484998234e-06,0,0
6rRMEXuLAng_013,505,4.7174457904475275e-06,0,0
6rRMEXuLAng_013,506,2.962994585686829e-06,0,0
6rRMEXuLAng_013,507,2.4390237740590237e-06,0,0
6rRMEXuLAng_013,508,2.415911239950219e-06,0,0
6rRMEXuLAng_013,509,1.8648119066710933e-06,0,0
6rRMEXuLAng_013,510,4.163724952377379e-06,0,0
6rRMEXuLAng_013,511,5.5273012549150735e-06,0,0
6rRMEXuLAng_013,512,6.3821325966273434e-06,0,0
6rRMEXuLAng_013,513,7.787823051330633e-06,0,0
6rRMEXuLAng_013,514,1.823600905481726e-05,0,0
6rRMEXuLAng_013,515,2.0847843188676052e-05,0,0
6rRMEXuLAng_013,516,5.575769682764076e-05,0,0
6rRMEXuLAng_013,517,0.0008756036986596882,0,0
6rRMEXuLAng_013,518,0.00466759642586112,0,0
6rRMEXuLAng_013,519,0.07404883950948715,0,0
6rRMEXuLAng_013,520,0.47924596071243286,1,0
6rRMEXuLAng_013,521,0.9692809581756592,1,0
6rRMEXuLAng_013,522,0.9688143730163574,1,0
6rRMEXuLAng_013,523,0.9426915645599365,1,0
6rRMEXuLAng_013,524,0.8915571570396423,1,0
6rRMEXuLAng_013,525,0.8913993239402771,1,0
6rRMEXuLAng_013,526,0.7937383651733398,1,0
6rRMEXuLAng_013,527,0.5396223664283752,1,0
6rRMEXuLAng_013,528,0.5930407643318176,1,0
6rRMEXuLAng_013,529,0.5684813261032104,1,0
6rRMEXuLAng_013,530,0.5503753423690796,1,0
6rRMEXuLAng_013,531,0.46197709441185,1,0
6rRMEXuLAng_013,532,0.37592220306396484,1,0
6rRMEXuLAng_013,533,0.19952896237373352,0,0
6rRMEXuLAng_013,534,0.047163207083940506,0,0
6rRMEXuLAng_013,535,0.04947750270366669,0,0
6rRMEXuLAng_013,536,0.022435739636421204,0,0
6rRMEXuLAng_013,537,0.015027439221739769,0,0
6rRMEXuLAng_013,538,0.005647588055580854,0,0
6rRMEXuLAng_013,539,0.0014312636340036988,0,0
6rRMEXuLAng_013,540,0.0005002438556402922,0,0
6rRMEXuLAng_013,541,6.804572331020609e-05,0,0
6rRMEXuLAng_013,542,5.332361251930706e-05,0,0
6rRMEXuLAng_013,543,4.659634578274563e-05,0,0
6rRMEXuLAng_013,544,3.122262569377199e-05,0,0
6rRMEXuLAng_013,545,4.037112375954166e-05,0,0
6rRMEXuLAng_013,546,2.2746113245375454e-05,0,0
6rRMEXuLAng_013,547,2.7565431082621217e-05,0,0
6rRMEXuLAng_013,548,1.937737215484958e-05,0,0
6rRMEXuLAng_013,549,1.7855300029623322e-05,0,0
6rRMEXuLAng_013,550,2.7094534743810073e-05,0,0
6rRMEXuLAng_013,551,6.510709499707446e-05,0,0
6rRMEXuLAng_013,552,0.0001887790858745575,0,0
6rRMEXuLAng_013,553,0.0002875512291211635,0,0
6rRMEXuLAng_013,554,0.0007090677390806377,0,0
6rRMEXuLAng_013,555,0.0009807999012991786,0,0
6rRMEXuLAng_013,556,0.0017102794954553246,0,0
6rRMEXuLAng_013,557,0.006525596138089895,0,0
6rRMEXuLAng_013,558,0.008160578086972237,0,0
6rRMEXuLAng_013,559,0.014277368783950806,0,0
6rRMEXuLAng_013,560,0.028302734717726707,0,0
6rRMEXuLAng_013,561,0.03461534157395363,0,0
6rRMEXuLAng_013,562,0.015816304832696915,0,0
6rRMEXuLAng_013,563,0.016748087480664253,0,0
6rRMEXuLAng_013,564,0.02734389342367649,0,0
6rRMEXuLAng_013,565,0.026286296546459198,0,0
6rRMEXuLAng_013,566,0.021936960518360138,0,0
6rRMEXuLAng_013,567,0.023682309314608574,0,0
6rRMEXuLAng_013,568,0.015371756628155708,0,0
6rRMEXuLAng_013,569,0.02077501267194748,0,0
6rRMEXuLAng_013,570,0.017333030700683594,0,0
6rRMEXuLAng_013,571,0.022584110498428345,0,0
6rRMEXuLAng_013,572,0.029809238389134407,0,0
6rRMEXuLAng_013,573,0.023697737604379654,0,0
6rRMEXuLAng_013,574,0.022123906761407852,0,0
6rRMEXuLAng_013,575,0.016607530415058136,0,0
6rRMEXuLAng_013,576,0.011667061597108841,0,0
6rRMEXuLAng_013,577,0.004533881787210703,0,0
6rRMEXuLAng_013,578,0.004264707211405039,0,0
6rRMEXuLAng_013,579,0.001979854190722108,0,0
6rRMEXuLAng_013,580,0.0004558615619316697,0,0
6rRMEXuLAng_013,581,9.164121001958847e-05,0,0
6rRMEXuLAng_013,582,2.480577677488327e-05,0,0
6rRMEXuLAng_013,583,1.6038191461120732e-05,0,0
6rRMEXuLAng_013,584,1.2462402082746848e-05,0,0
6rRMEXuLAng_013,585,1.6819765733089298e-05,0,0
6rRMEXuLAng_013,586,1.5414787412737496e-05,0,0
6rRMEXuLAng_013,587,1.717077975627035e-05,0,0
6rRMEXuLAng_013,588,1.4490620742435567e-05,0,0
6rRMEXuLAng_013,589,1.4099119653110392e-05,0,0
6rRMEXuLAng_013,590,1.5541983884759247e-05,0,0
6rRMEXuLAng_013,591,1.4682555956824217e-05,0,0
6rRMEXuLAng_013,592,3.4196735214209184e-05,0,0
6rRMEXuLAng_013,593,2.4339691663044505e-05,0,0
6rRMEXuLAng_013,594,4.300621367292479e-05,0,0
6rRMEXuLAng_013,595,4.5768792915623635e-05,0,0
6rRMEXuLAng_013,596,7.050621934467927e-05,0,0
6rRMEXuLAng_013,597,0.00013189122546464205,0,0
6rRMEXuLAng_013,598,9.513835539110005e-05,0,0
6rRMEXuLAng_013,599,6.782054697396234e-05,0,0
6rRMEXuLAng_013,600,6.152420974103734e-05,0,0
6rRMEXuLAng_013,601,7.525717228418216e-05,0,0
6rRMEXuLAng_013,602,1.6520280041731894e-05,0,0
6rRMEXuLAng_013,603,6.1538735280919354e-06,0,0
6rRMEXuLAng_013,604,3.402590664336458e-06,0,0
6rRMEXuLAng_013,605,2.9978411930642324e-06,0,0
6rRMEXuLAng_013,606,3.4285349101992324e-06,0,0
6rRMEXuLAng_013,607,2.650283477123594e-06,0,0
6rRMEXuLAng_013,608,1.1383340279280674e-06,0,0
6rRMEXuLAng_013,609,4.996747975383187e-07,0,0
6rRMEXuLAng_013,610,5.400536338129314e-07,0,0
6rRMEXuLAng_013,611,7.348805297624494e-07,0,0
6rRMEXuLAng_013,612,2.1167780062114616e-07,0,0
6rRMEXuLAng_013,613,9.338518225376902e-08,0,0
6rRMEXuLAng_013,614,4.7512166645446996e-08,0,0
6rRMEXuLAng_013,615,2.580700098064881e-08,0,0
6rRMEXuLAng_013,616,3.3635249252483845e-08,0,0
6rRMEXuLAng_013,617,7.914908195516546e-08,0,0
6rRMEXuLAng_013,618,1.165138314718206e-07,0,0
6rRMEXuLAng_013,619,4.4724224323999806e-08,0,0
6rRMEXuLAng_013,620,2.0560543489978045e-08,0,0
6rRMEXuLAng_013,621,2.3774523683073312e-08,0,0
6rRMEXuLAng_013,622,3.848342799983584e-08,0,0
6rRMEXuLAng_013,623,2.3623638156777815e-08,0,0
6rRMEXuLAng_013,624,2.4059907843820838e-08,0,0
6rRMEXuLAng_013,625,2.6828793409094942e-08,0,0
6rRMEXuLAng_013,626,5.9363880922091994e-08,0,0
6rRMEXuLAng_013,627,1.4611738663461438e-07,0,0
6rRMEXuLAng_013,628,1.2158072877355153e-06,0,0
6rRMEXuLAng_013,629,2.2979386358201737e-06,0,0
6rRMEXuLAng_013,630,4.249942776368698e-06,0,0
6rRMEXuLAng_013,631,4.454936970432755e-06,0,0
6rRMEXuLAng_013,632,4.009516032965621e-06,0,0
6rRMEXuLAng_013,633,3.5403108995524235e-06,0,0
6rRMEXuLAng_013,634,1.0366339893153054e-06,0,0
6rRMEXuLAng_013,635,4.013529917301639e-07,0,0
6rRMEXuLAng_013,636,2.3970801521500107e-07,0,0
6rRMEXuLAng_013,637,9.287131064183995e-08,0,0
6rRMEXuLAng_013,638,4.502352979329771e-08,0,0
6rRMEXuLAng_013,639,1.8572562154872685e-08,0,0
6rRMEXuLAng_013,640,1.39451916680855e-08,0,0
6rRMEXuLAng_013,641,8.589745803533333e-09,0,0
6rRMEXuLAng_013,642,6.211638758912841e-09,0,0
6rRMEXuLAng_013,643,2.891066941401732e-09,0,0
6rRMEXuLAng_013,644,1.0617824397485265e-09,0,0
6rRMEXuLAng_013,645,6.16377837658888e-10,0,0
6rRMEXuLAng_013,646,4.3763706547572667e-10,0,0
6rRMEXuLAng_013,647,4.675571596557404e-10,0,0
6rRMEXuLAng_013,648,9.841407688782056e-10,0,0
6rRMEXuLAng_013,649,1.4895965572137015e-09,0,0
6rRMEXuLAng_013,650,1.6617049958256302e-09,0,0
6rRMEXuLAng_013,651,1.4128552772163516e-09,0,0
6rRMEXuLAng_013,652,1.207529853886058e-09,0,0
6rRMEXuLAng_013,653,1.431321172695732e-09,0,0
6rRMEXuLAng_013,654,2.985224067941772e-09,0,0
6rRMEXuLAng_013,655,1.2736578458572012e-09,0,0
6rRMEXuLAng_013,656,2.8838617605053685e-10,0,0
6rRMEXuLAng_013,657,1.1925418985647696e-10,0,0
6rRMEXuLAng_013,658,7.25523946476514e-11,0,0
6rRMEXuLAng_013,659,5.309119463503542e-11,0,0
6rRMEXuLAng_013,660,1.3212098082249213e-10,0,0
6rRMEXuLAng_013,661,1.4001760861859225e-10,0,0
6rRMEXuLAng_013,662,6.079092784716522e-11,0,0
6rRMEXuLAng_013,663,2.4259030548257066e-11,0,0
6rRMEXuLAng_013,664,2.8091418080578023e-11,0,0
6rRMEXuLAng_013,665,1.1602106428365566e-11,0,0
6rRMEXuLAng_013,666,7.721508328561999e-12,0,0
6rRMEXuLAng_013,667,1.854898396339011e-12,0,0
6rRMEXuLAng_013,668,1.5662852145912481e-13,0,0
6rRMEXuLAng_013,669,1.805060820866261e-13,0,0
6rRMEXuLAng_013,670,1.204123606379781e-13,0,0
6rRMEXuLAng_013,671,1.6455969074381793e-13,0,0
6rRMEXuLAng_013,672,6.751278681070561e-13,0,0
6rRMEXuLAng_013,673,1.355701358465855e-12,0,0
6rRMEXuLAng_013,674,2.0921517556588e-12,0,0
6rRMEXuLAng_013,675,2.847462283322999e-12,0,0
6rRMEXuLAng_013,676,2.2454546902417327e-12,0,0
6rRMEXuLAng_013,677,1.977280318643526e-12,0,0
6rRMEXuLAng_013,678,1.131444005326998e-12,0,0
6rRMEXuLAng_013,679,7.889312033521056e-13,0,0
6rRMEXuLAng_013,680,6.481653321704917e-13,0,0
6rRMEXuLAng_013,681,6.293675975342639e-13,0,0
6rRMEXuLAng_013,682,5.369893440500262e-13,0,0
6rRMEXuLAng_013,683,5.043788195262244e-13,0,0
6rRMEXuLAng_013,684,6.206391737345607e-13,0,0
6rRMEXuLAng_013,685,7.417757272136505e-13,0,0
6rRMEXuLAng_013,686,8.030747833225049e-13,0,0
6rRMEXuLAng_013,687,8.23751602953976e-13,0,0
6rRMEXuLAng_013,688,8.511753584947157e-13,0,0
6rRMEXuLAng_013,689,1.7352191732100675e-12,0,0
6rRMEXuLAng_013,690,2.673194131330714e-12,0,0
6rRMEXuLAng_013,691,3.6206829635149207e-12,0,0
6rRMEXuLAng_013,692,6.0118654846008646e-12,0,0
6rRMEXuLAng_013,693,4.9816357636234265e-12,0,0
6rRMEXuLAng_013,694,3.2250224626245716e-12,0,0
6rRMEXuLAng_013,695,1.4087064847956299e-12,0,0
6rRMEXuLAng_013,696,8.252235158233423e-13,0,0
6rRMEXuLAng_013,697,1.0366091665603427e-12,0,0
6rRMEXuLAng_013,698,1.5760492954111638e-12,0,0
6rRMEXuLAng_013,699,3.881611178313538e-12,0,0
6rRMEXuLAng_013,700,3.0039078863230984e-12,0,0
6rRMEXuLAng_013,701,1.4322009290329563e-12,0,0
6rRMEXuLAng_013,702,2.4529388936711527e-12,0,0
6rRMEXuLAng_013,703,7.056401470084683e-12,0,0
6rRMEXuLAng_013,704,8.246717544957427e-12,0,0
6rRMEXuLAng_013,705,1.403231263824578e-11,0,0
6rRMEXuLAng_013,706,2.7350010277371606e-12,0,0
6rRMEXuLAng_013,707,9.85104684457505e-13,0,0
6rRMEXuLAng_013,708,1.1224013255276e-12,0,0
6rRMEXuLAng_013,709,1.4975024258817582e-12,0,0
6rRMEXuLAng_013,710,6.579682545332366e-13,0,0
6rRMEXuLAng_013,711,6.100121493005095e-13,0,0
6rRMEXuLAng_013,712,3.1285174104112023e-13,0,0
6rRMEXuLAng_013,713,3.174973305097861e-13,0,0
6rRMEXuLAng_013,714,5.562336615611008e-12,0,0
6rRMEXuLAng_013,715,7.423295485253778e-12,0,0
6rRMEXuLAng_013,716,1.1406688094073303e-11,0,0
6rRMEXuLAng_013,717,1.7319166933926766e-11,0,0
6rRMEXuLAng_013,718,4.349288290628195e-12,0,0
6rRMEXuLAng_013,719,3.5498533366290497e-12,0,0
6rRMEXuLAng_013,720,2.9846047508441664e-12,0,0
6rRMEXuLAng_013,721,1.9537932469809727e-12,0,0
6rRMEXuLAng_013,722,8.043257357891187e-13,0,0
6rRMEXuLAng_013,723,5.026741284504255e-13,0,0
6rRMEXuLAng_013,724,3.170289551712724e-13,0,0
6rRMEXuLAng_013,725,2.7035844266457e-13,0,0
6rRMEXuLAng_013,726,2.0826352795100256e-13,0,0
6rRMEXuLAng_013,727,2.363290769677451e-13,0,0
6rRMEXuLAng_013,728,2.785545231975828e-13,0,0
6rRMEXuLAng_013,729,3.2643064141503475e-13,0,0
6rRMEXuLAng_013,730,2.206235004799731e-13,0,0
6rRMEXuLAng_013,731,1.6085899702100032e-13,0,0
6rRMEXuLAng_013,732,7.503345140309411e-14,0,0
6rRMEXuLAng_013,733,5.811687529876444e-14,0,0
6rRMEXuLAng_013,734,4.880843721809941e-14,0,0
6rRMEXuLAng_013,735,4.9495801066664485e-14,0,0
6rRMEXuLAng_013,736,4.570354985851226e-14,0,0
6rRMEXuLAng_013,737,4.329527255914241e-14,0,0
6rRMEXuLAng_013,738,1.9338595666235775e-14,0,0
6rRMEXuLAng_013,739,9.934606339889827e-15,0,0
6rRMEXuLAng_013,740,5.510532080556935e-15,0,0
6rRMEXuLAng_013,741,3.2040550124363704e-15,0,0
6rRMEXuLAng_013,742,1.7108577932923251e-15,0,0
6rRMEXuLAng_013,743,5.77535968437307e-16,0,0
6rRMEXuLAng_013,744,2.1596261719616981e-16,0,0
6rRMEXuLAng_013,745,1.8290372859311232e-16,0,0
6rRMEXuLAng_013,746,1.6161466719461875e-16,0,0
6rRMEXuLAng_013,747,1.2654445915363653e-16,0,0
6rRMEXuLAng_013,748,1.0267251636627878e-16,0,0
6rRMEXuLAng_013,749,1.2388543744374806e-16,0,0
6rRMEXuLAng_013,750,1.2393223601408387e-16,0,0
6rRMEXuLAng_013,751,1.401136358010748e-16,0,0
6rRMEXuLAng_013,752,1.728997930300062e-16,0,0
6rRMEXuLAng_013,753,2.0453012086284992e-16,0,0
6rRMEXuLAng_013,754,1.4640603180799018e-16,0,0
6rRMEXuLAng_013,755,1.051843330143573e-16,0,0
6rRMEXuLAng_013,756,7.022253857317872e-17,0,0
6rRMEXuLAng_013,757,9.079778280770843e-17,0,0
6rRMEXuLAng_013,758,1.26349112180176e-16,0,0
6rRMEXuLAng_013,759,1.8539536865168945e-16,0,0
6rRMEXuLAng_013,760,3.484699897751296e-16,0,0
6rRMEXuLAng_013,761,8.800091575007719e-16,0,0
6rRMEXuLAng_013,762,2.2127564723969017e-15,0,0
6rRMEXuLAng_013,763,5.5194945361718324e-15,0,0
6rRMEXuLAng_013,764,7.953137084180158e-15,0,0
6rRMEXuLAng_013,765,1.0824633832513808e-14,0,0
6rRMEXuLAng_013,766,2.1209012126296826e-14,0,0
6rRMEXuLAng_013,767,4.604110265238846e-14,0,0
6rRMEXuLAng_013,768,1.0191778925796799e-13,0,0
6rRMEXuLAng_013,769,1.5239791037197775e-13,0,0
6rRMEXuLAng_013,770,2.233847059152777e-13,0,0
6rRMEXuLAng_013,771,2.1573033344522013e-13,0,0
6rRMEXuLAng_013,772,1.9527414895584988e-13,0,0
6rRMEXuLAng_013,773,1.6915501388926196e-13,0,0
6rRMEXuLAng_013,774,1.318939396718552e-13,0,0
6rRMEXuLAng_013,775,1.7467840054182643e-13,0,0
6rRMEXuLAng_013,776,2.9396767680690827e-13,0,0
6rRMEXuLAng_013,777,3.5739968384969345e-13,0,0
6rRMEXuLAng_013,778,8.602893787970634e-13,0,0
6rRMEXuLAng_013,779,1.6836647093870782e-12,0,0
6rRMEXuLAng_013,780,4.931859174522879e-12,0,0
6rRMEXuLAng_013,781,5.936942777673426e-12,0,0
6rRMEXuLAng_013,782,1.0159919780483584e-11,0,0
6rRMEXuLAng_013,783,2.0087291205395097e-11,0,0
6rRMEXuLAng_013,784,2.8452379341459277e-11,0,0
6rRMEXuLAng_013,785,4.1453913218747473e-11,0,0
6rRMEXuLAng_013,786,5.397336397261476e-11,0,0
6rRMEXuLAng_013,787,6.46059108988517e-11,0,0
6rRMEXuLAng_013,788,6.968105259463897e-11,0,0
6rRMEXuLAng_013,789,1.6157540583261465e-10,0,0
6rRMEXuLAng_013,790,5.203387165586548e-10,0,0
6rRMEXuLAng_013,791,6.190724044508045e-10,0,0
6rRMEXuLAng_013,792,9.372557174813778e-10,0,0
6rRMEXuLAng_013,793,3.0873257284014244e-09,0,0
6rRMEXuLAng_013,794,5.3238897734786406e-09,0,0
6rRMEXuLAng_013,795,8.27719048857034e-09,0,0
6rRMEXuLAng_013,796,1.3079523242254254e-08,0,0
6rRMEXuLAng_013,797,2.0599637551299566e-08,0,0
6rRMEXuLAng_013,798,3.1205988904048354e-08,0,0
6rRMEXuLAng_013,799,3.5315792956680525e-08,0,0
6rRMEXuLAng_013,800,6.18297733012696e-08,0,0
6rRMEXuLAng_013,801,8.7307455487462e-08,0,0
6rRMEXuLAng_013,802,9.230883080135754e-08,0,0
6rRMEXuLAng_013,803,1.3449543700971844e-07,0,0
6rRMEXuLAng_013,804,1.4192441710747516e-07,0,0
6rRMEXuLAng_013,805,1.196976882056333e-07,0,0
6rRMEXuLAng_013,806,2.140025117114419e-07,0,0
6rRMEXuLAng_013,807,3.4333436360611813e-07,0,0
6rRMEXuLAng_013,808,3.565121460269438e-07,0,0
6rRMEXuLAng_013,809,3.438062208260817e-07,0,0
6rRMEXuLAng_013,810,2.5662012603788753e-07,0,1
6rRMEXuLAng_013,811,1.8153551195609907e-07,0,1
6rRMEXuLAng_013,812,1.2042384867072542e-07,0,1
6rRMEXuLAng_013,813,8.075558355358226e-08,0,1
6rRMEXuLAng_013,814,8.363142711687033e-08,0,1
6rRMEXuLAng_013,815,1.370102040709753e-07,0,1
6rRMEXuLAng_013,816,1.8456844941283634e-07,0,1
6rRMEXuLAng_013,817,2.6817951948032714e-07,0,1
6rRMEXuLAng_013,818,4.3059753807028756e-07,0,1
6rRMEXuLAng_013,819,1.0724563708208734e-06,0,1
6rRMEXuLAng_013,820,5.920907142353826e-07,0,1
6rRMEXuLAng_013,821,4.640792781174241e-07,0,1
6rRMEXuLAng_013,822,5.589083684753859e-07,0,1
6rRMEXuLAng_013,823,9.344885256723501e-07,0,1
6rRMEXuLAng_013,824,4.844252430302731e-07,0,1
6rRMEXuLAng_013,825,1.720224190648878e-06,0,1
6rRMEXuLAng_013,826,1.4064885363040958e-06,0,1
6rRMEXuLAng_013,827,2.7393896289140685e-06,0,1
6rRMEXuLAng_013,828,1.0169123925152235e-05,0,1
6rRMEXuLAng_013,829,3.683249815367162e-05,0,1
6rRMEXuLAng_013,830,0.0003676834749057889,0,1
6rRMEXuLAng_013,831,0.004172635264694691,0,1
6rRMEXuLAng_013,832,0.010065012611448765,0,1
6rRMEXuLAng_013,833,0.08572797477245331,0,1
6rRMEXuLAng_013,834,0.3852304220199585,1,1
6rRMEXuLAng_013,835,0.7763535976409912,1,1
6rRMEXuLAng_013,836,0.7816438674926758,1,1
6rRMEXuLAng_013,837,0.9118397235870361,1,1
6rRMEXuLAng_013,838,0.9931555390357971,1,1
6rRMEXuLAng_013,839,0.998659610748291,1,1
6rRMEXuLAng_013,840,0.9999792575836182,1,1
6rRMEXuLAng_013,841,0.9999849796295166,1,1
6rRMEXuLAng_013,842,0.9999895095825195,1,1
6rRMEXuLAng_013,843,0.9999829530715942,1,1
6rRMEXuLAng_013,844,0.9999978542327881,1,1
6rRMEXuLAng_013,845,0.9999992847442627,1,1
6rRMEXuLAng_013,846,0.9999998807907104,1,1
6rRMEXuLAng_013,847,1.0,1,1
6rRMEXuLAng_013,848,1.0,1,1
6rRMEXuLAng_013,849,1.0,1,1
6rRMEXuLAng_013,850,0.9999998807907104,1,1
6rRMEXuLAng_013,851,0.9999996423721313,1,1
6rRMEXuLAng_013,852,0.9999988079071045,1,1
6rRMEXuLAng_013,853,0.9999971389770508,1,1
6rRMEXuLAng_013,854,0.9999990463256836,1,1
6rRMEXuLAng_013,855,0.9999995231628418,1,1
6rRMEXuLAng_013,856,1.0,1,1
6rRMEXuLAng_013,857,1.0,1,1
6rRMEXuLAng_013,858,1.0,1,1
6rRMEXuLAng_013,859,1.0,1,1
6rRMEXuLAng_013,860,1.0,1,1
6rRMEXuLAng_013,861,1.0,1,1
6rRMEXuLAng_013,862,1.0,1,1
6rRMEXuLAng_013,863,1.0,1,1
6rRMEXuLAng_013,864,1.0,1,1
6rRMEXuLAng_013,865,1.0,1,1
6rRMEXuLAng_013,866,1.0,1,1
6rRMEXuLAng_013,867,1.0,1,1
6rRMEXuLAng_013,868,1.0,1,1
6rRMEXuLAng_013,869,1.0,1,1
6rRMEXuLAng_013,870,1.0,1,1
6rRMEXuLAng_013,871,1.0,1,1
6rRMEXuLAng_013,872,1.0,1,1
6rRMEXuLAng_013,873,1.0,1,1
6rRMEXuLAng_013,874,1.0,1,1
6rRMEXuLAng_013,875,1.0,1,1
6rRMEXuLAng_013,876,1.0,1,1
6rRMEXuLAng_013,877,1.0,1,1
6rRMEXuLAng_013,878,1.0,1,1
6rRMEXuLAng_013,879,1.0,1,1
6rRMEXuLAng_013,880,1.0,1,1
6rRMEXuLAng_013,881,1.0,1,1
6rRMEXuLAng_013,882,1.0,1,1
6rRMEXuLAng_013,883,1.0,1,1
6rRMEXuLAng_013,884,1.0,1,1
6rRMEXuLAng_013,885,1.0,1,1
6rRMEXuLAng_013,886,1.0,1,1
6rRMEXuLAng_013,887,1.0,1,1
6rRMEXuLAng_013,888,1.0,1,1
6rRMEXuLAng_013,889,1.0,1,1
6rRMEXuLAng_013,890,1.0,1,1
6rRMEXuLAng_013,891,1.0,1,1
6rRMEXuLAng_013,892,1.0,1,1
6rRMEXuLAng_013,893,1.0,1,1
6rRMEXuLAng_013,894,1.0,1,1
6rRMEXuLAng_013,895,1.0,1,1
6rRMEXuLAng_013,896,1.0,1,1
6rRMEXuLAng_013,897,1.0,1,1
6rRMEXuLAng_013,898,1.0,1,1
6rRMEXuLAng_013,899,1.0,1,1
6rRMEXuLAng_013,900,1.0,1,1
6rRMEXuLAng_013,901,1.0,1,1
6rRMEXuLAng_013,902,1.0,1,1
6rRMEXuLAng_013,903,1.0,1,1
6rRMEXuLAng_013,904,1.0,1,1
6rRMEXuLAng_013,905,1.0,1,1
6rRMEXuLAng_013,906,1.0,1,1
6rRMEXuLAng_013,907,1.0,1,1
6rRMEXuLAng_013,908,1.0,1,1
6rRMEXuLAng_013,909,1.0,1,1
6rRMEXuLAng_013,910,1.0,1,1
6rRMEXuLAng_013,911,1.0,1,1
6rRMEXuLAng_013,912,1.0,1,1
6rRMEXuLAng_013,913,1.0,1,1
6rRMEXuLAng_013,914,1.0,1,1
6rRMEXuLAng_013,915,1.0,1,1
6rRMEXuLAng_013,916,1.0,1,1
6rRMEXuLAng_013,917,1.0,1,1
6rRMEXuLAng_013,918,1.0,1,1
6rRMEXuLAng_013,919,1.0,1,1
6rRMEXuLAng_013,920,1.0,1,1
6rRMEXuLAng_013,921,1.0,1,1
6rRMEXuLAng_013,922,1.0,1,1
6rRMEXuLAng_013,923,1.0,1,1
6rRMEXuLAng_013,924,1.0,1,1
6rRMEXuLAng_013,925,1.0,1,1
6rRMEXuLAng_013,926,1.0,1,1
6rRMEXuLAng_013,927,1.0,1,1
6rRMEXuLAng_013,928,1.0,1,1
6rRMEXuLAng_013,929,1.0,1,1
6rRMEXuLAng_013,930,1.0,1,1
6rRMEXuLAng_013,931,1.0,1,1
6rRMEXuLAng_013,932,1.0,1,1
6rRMEXuLAng_013,933,1.0,1,1
6rRMEXuLAng_013,934,1.0,1,1
6rRMEXuLAng_013,935,1.0,1,1
6rRMEXuLAng_013,936,1.0,1,1
6rRMEXuLAng_013,937,1.0,1,1
6rRMEXuLAng_013,938,1.0,1,1
6rRMEXuLAng_013,939,1.0,1,1
6rRMEXuLAng_013,940,1.0,1,1
6rRMEXuLAng_013,941,1.0,1,1
6rRMEXuLAng_013,942,1.0,1,1
6rRMEXuLAng_013,943,1.0,1,1
6rRMEXuLAng_013,944,1.0,1,1
6rRMEXuLAng_013,945,1.0,1,1
6rRMEXuLAng_013,946,1.0,1,1
6rRMEXuLAng_013,947,1.0,1,1
6rRMEXuLAng_013,948,1.0,1,1
6rRMEXuLAng_013,949,1.0,1,1
6rRMEXuLAng_013,950,1.0,1,1
6rRMEXuLAng_013,951,1.0,1,1
6rRMEXuLAng_013,952,1.0,1,1
6rRMEXuLAng_013,953,1.0,1,1
6rRMEXuLAng_013,954,1.0,1,1
6rRMEXuLAng_013,955,1.0,1,1
6rRMEXuLAng_013,956,1.0,1,1
6rRMEXuLAng_013,957,1.0,1,1
6rRMEXuLAng_013,958,1.0,1,1
6rRMEXuLAng_013,959,1.0,1,1
6rRMEXuLAng_013,960,1.0,1,1
6rRMEXuLAng_013,961,1.0,1,1
6rRMEXuLAng_013,962,1.0,1,1
6rRMEXuLAng_013,963,1.0,1,1
6rRMEXuLAng_013,964,1.0,1,1
6rRMEXuLAng_013,965,1.0,1,1
6rRMEXuLAng_013,966,1.0,1,1
6rRMEXuLAng_013,967,1.0,1,1
6rRMEXuLAng_013,968,0.9999998807907104,1,1
6rRMEXuLAng_013,969,0.9999998807907104,1,1
6rRMEXuLAng_013,970,0.9999997615814209,1,1
6rRMEXuLAng_013,971,0.9999997615814209,1,1
6rRMEXuLAng_013,972,0.9999994039535522,1,1
6rRMEXuLAng_013,973,0.9999986886978149,1,1
6rRMEXuLAng_013,974,0.9999978542327881,1,1
6rRMEXuLAng_013,975,0.999996542930603,1,1
6rRMEXuLAng_013,976,0.9999936819076538,1,1
6rRMEXuLAng_013,977,0.9999868869781494,1,1
6rRMEXuLAng_013,978,0.9999784231185913,1,0
6rRMEXuLAng_013,979,0.999957799911499,1,0
6rRMEXuLAng_013,980,0.9999330043792725,1,0
6rRMEXuLAng_013,981,0.9998822212219238,1,0
6rRMEXuLAng_013,982,0.999725878238678,1,0
6rRMEXuLAng_013,983,0.9994056224822998,1,0
6rRMEXuLAng_013,984,0.999433696269989,1,0
6rRMEXuLAng_013,985,0.9992635846138,1,0
6rRMEXuLAng_013,986,0.9985876083374023,1,0
6rRMEXuLAng_013,987,0.9975473284721375,1,0
6rRMEXuLAng_013,988,0.995521068572998,1,0
6rRMEXuLAng_013,989,0.9935021996498108,1,0
6rRMEXuLAng_013,990,0.9908289909362793,1,0
6rRMEXuLAng_013,991,0.9932885766029358,1,0
6rRMEXuLAng_013,992,0.9913111925125122,1,0
6rRMEXuLAng_013,993,0.9834423661231995,1,0
6rRMEXuLAng_013,994,0.9703532457351685,1,0
6rRMEXuLAng_013,995,0.9828059077262878,1,0
6rRMEXuLAng_013,996,0.9826183319091797,1,0
6rRMEXuLAng_013,997,0.9890033602714539,1,0
6rRMEXuLAng_013,998,0.9917172789573669,1,0
6rRMEXuLAng_013,999,0.9863510727882385,1,0
6rRMEXuLAng_013,1000,0.9658305048942566,1,0
6rRMEXuLAng_013,1001,0.9506360292434692,1,0
6rRMEXuLAng_013,1002,0.8823991417884827,1,0
6rRMEXuLAng_013,1003,0.7639132738113403,1,0
6rRMEXuLAng_013,1004,0.5694639682769775,1,0
6rRMEXuLAng_013,1005,0.03655853122472763,0,0
6rRMEXuLAng_013,1006,0.01518407091498375,0,0
6rRMEXuLAng_013,1007,0.005935265216976404,0,0
6rRMEXuLAng_013,1008,0.003681155387312174,0,0
6rRMEXuLAng_013,1009,0.003430568613111973,0,0
6rRMEXuLAng_013,1010,0.0005093947984278202,0,0
6rRMEXuLAng_013,1011,0.00021173084678594023,0,0
6rRMEXuLAng_013,1012,7.164220733102411e-05,0,0
6rRMEXuLAng_013,1013,3.5753491829382256e-05,0,0
6rRMEXuLAng_013,1014,1.2812472959922161e-05,0,0
6rRMEXuLAng_013,1015,5.943955784459831e-06,0,0
6rRMEXuLAng_013,1016,4.471758984436747e-06,0,0
6rRMEXuLAng_013,1017,4.0145969251170754e-06,0,0
6rRMEXuLAng_013,1018,2.6440125111548696e-06,0,0
6rRMEXuLAng_013,1019,5.769388735643588e-06,0,0
6rRMEXuLAng_013,1020,3.1884133022686e-06,0,0
6rRMEXuLAng_013,1021,2.292212911925162e-06,0,0
6rRMEXuLAng_013,1022,1.6733087022657855e-06,0,0
6rRMEXuLAng_013,1023,2.342966581636574e-06,0,0
6rRMEXuLAng_013,1024,2.011828200920718e-06,0,0
6rRMEXuLAng_013,1025,1.4311738141259411e-06,0,0
6rRMEXuLAng_013,1026,1.4933731335986522e-06,0,0
6rRMEXuLAng_013,1027,1.0224495099464548e-06,0,0
6rRMEXuLAng_013,1028,8.46160958190012e-07,0,0
6rRMEXuLAng_013,1029,7.49713535697083e-07,0,0
6rRMEXuLAng_013,1030,3.8721029227417603e-07,0,0
6rRMEXuLAng_013,1031,2.119917326126597e-07,0,0
6rRMEXuLAng_013,1032,2.2842036173642555e-07,0,0
6rRMEXuLAng_013,1033,2.3436717810909613e-07,0,0
6rRMEXuLAng_013,1034,1.1374923047924312e-07,0,0
6rRMEXuLAng_013,1035,3.521247649018733e-08,0,0
6rRMEXuLAng_013,1036,1.3397998266384548e-08,0,0
6rRMEXuLAng_013,1037,4.647592533046918e-09,0,0
6rRMEXuLAng_013,1038,2.6982320822099837e-09,0,0
6rRMEXuLAng_013,1039,3.097328837853297e-09,0,0
6rRMEXuLAng_013,1040,6.356276394114957e-09,0,0
6rRMEXuLAng_013,1041,8.486547464769956e-09,0,0
6rRMEXuLAng_013,1042,4.0255563327207255e-09,0,0
6rRMEXuLAng_013,1043,1.591360487829263e-09,0,0
6rRMEXuLAng_013,1044,1.8623707020992697e-09,0,0
6rRMEXuLAng_013,1045,2.0064527816998634e-09,0,0
6rRMEXuLAng_013,1046,2.015439592994994e-09,0,0
6rRMEXuLAng_013,1047,5.321371787658791e-09,0,0
6rRMEXuLAng_013,1048,1.521398118597972e-08,0,0
6rRMEXuLAng_013,1049,2.4646920948612205e-08,0,0
6rRMEXuLAng_013,1050,4.3554067019613285e-08,0,0
6rRMEXuLAng_013,1051,2.3177219077297195e-07,0,0
6rRMEXuLAng_013,1052,1.4810000266152201e-06,0,0
6rRMEXuLAng_013,1053,8.296253213302407e-07,0,0
6rRMEXuLAng_013,1054,6.550134798999352e-07,0,0
6rRMEXuLAng_013,1055,5.186003591006738e-07,0,0
6rRMEXuLAng_013,1056,6.210853484844847e-07,0,0
6rRMEXuLAng_013,1057,3.262826112404582e-06,0,0
6rRMEXuLAng_013,1058,1.5849016563151963e-05,0,0
6rRMEXuLAng_013,1059,2.686397965590004e-05,0,0
6rRMEXuLAng_013,1060,2.335944191145245e-05,0,0
6rRMEXuLAng_013,1061,3.4710203181020916e-05,0,0
6rRMEXuLAng_013,1062,6.016142287990078e-05,0,0
6rRMEXuLAng_013,1063,4.852911297348328e-05,0,0
6rRMEXuLAng_013,1064,1.9932685972889885e-05,0,0
6rRMEXuLAng_013,1065,2.012399272643961e-05,0,0
6rRMEXuLAng_013,1066,2.457542359479703e-05,0,0
6rRMEXuLAng_013,1067,3.338405440445058e-05,0,0
6rRMEXuLAng_013,1068,0.0001027615144266747,0,0
6rRMEXuLAng_013,1069,0.00024060040595941246,0,0
6rRMEXuLAng_013,1070,0.0001670248748268932,0,0
6rRMEXuLAng_013,1071,2.653843148436863e-05,0,0
6rRMEXuLAng_013,1072,1.2200841410958674e-05,0,0
6rRMEXuLAng_013,1073,3.0001867344253697e-05,0,0
6rRMEXuLAng_013,1074,3.586009916034527e-05,0,0
6rRMEXuLAng_013,1075,2.314779703738168e-05,0,0
6rRMEXuLAng_013,1076,7.64618962421082e-05,0,0
6rRMEXuLAng_013,1077,7.803776679793373e-05,0,0
6rRMEXuLAng_013,1078,3.957509761676192e-05,0,0
6rRMEXuLAng_013,1079,1.8930852093035355e-05,0,0
6rRMEXuLAng_013,1080,2.2288866603048518e-05,0,0
6rRMEXuLAng_013,1081,0.00019771084771491587,0,0
6rRMEXuLAng_013,1082,0.0008650185773149133,0,0
6rRMEXuLAng_013,1083,0.01524780411273241,0,0
6rRMEXuLAng_013,1084,0.3072046637535095,0,0
6rRMEXuLAng_013,1085,0.720675528049469,1,0
6rRMEXuLAng_013,1086,0.892128050327301,1,0
6rRMEXuLAng_013,1087,0.9358404278755188,1,0
6rRMEXuLAng_013,1088,0.9723870158195496,1,0
6rRMEXuLAng_013,1089,0.9839216470718384,1,0
6rRMEXuLAng_013,1090,0.9774856567382812,1,0
6rRMEXuLAng_013,1091,0.9774408936500549,1,0
6rRMEXuLAng_013,1092,0.9770228862762451,1,0
6rRMEXuLAng_013,1093,0.987381637096405,1,0
6rRMEXuLAng_013,1094,0.9846587181091309,1,0
6rRMEXuLAng_013,1095,0.9912876486778259,1,0
6rRMEXuLAng_013,1096,0.9971187114715576,1,0
6rRMEXuLAng_013,1097,0.9959773421287537,1,0
6rRMEXuLAng_013,1098,0.9906054139137268,1,0
6rRMEXuLAng_013,1099,0.9839815497398376,1,0
6rRMEXuLAng_013,1100,0.9671745896339417,1,0
6rRMEXuLAng_013,1101,0.8786661624908447,1,0
6rRMEXuLAng_013,1102,0.82060706615448,1,0
6rRMEXuLAng_013,1103,0.8734599351882935,1,0
6rRMEXuLAng_013,1104,0.8777481913566589,1,0
6rRMEXuLAng_013,1105,0.872596263885498,1,0
6rRMEXuLAng_013,1106,0.8913227915763855,1,0
6rRMEXuLAng_013,1107,0.9563190340995789,1,0
6rRMEXuLAng_013,1108,0.9806159138679504,1,0
6rRMEXuLAng_013,1109,0.9903896450996399,1,0
6rRMEXuLAng_013,1110,0.9848184585571289,1,0
6rRMEXuLAng_013,1111,0.973964273929596,1,0
6rRMEXuLAng_013,1112,0.992833137512207,1,0
6rRMEXuLAng_013,1113,0.998555600643158,1,0
6rRMEXuLAng_013,1114,0.9979708790779114,1,0
6rRMEXuLAng_013,1115,0.9993948936462402,1,0
6rRMEXuLAng_013,1116,0.9994301199913025,1,0
6rRMEXuLAng_013,1117,0.9996718168258667,1,0
6rRMEXuLAng_013,1118,0.9997304081916809,1,0
6rRMEXuLAng_013,1119,0.999940037727356,1,0
6rRMEXuLAng_013,1120,0.9999880790710449,1,0
6rRMEXuLAng_013,1121,0.9999856948852539,1,0
6rRMEXuLAng_013,1122,0.9999815225601196,1,0
6rRMEXuLAng_013,1123,0.9999803304672241,1,0
6rRMEXuLAng_013,1124,0.9999895095825195,1,0
6rRMEXuLAng_013,1125,0.999997615814209,1,0
6rRMEXuLAng_013,1126,0.9999991655349731,1,0
6rRMEXuLAng_013,1127,0.9999994039535522,1,0
6rRMEXuLAng_013,1128,0.9999992847442627,1,0
6rRMEXuLAng_013,1129,0.9999978542327881,1,0
6rRMEXuLAng_013,1130,0.9999932050704956,1,0
6rRMEXuLAng_013,1131,0.9999793767929077,1,0
6rRMEXuLAng_013,1132,0.9999736547470093,1,0
6rRMEXuLAng_013,1133,0.9999902248382568,1,0
6rRMEXuLAng_013,1134,0.9999632835388184,1,0
6rRMEXuLAng_013,1135,0.9999077320098877,1,0
6rRMEXuLAng_013,1136,0.9998759031295776,1,0
6rRMEXuLAng_013,1137,0.9998691082000732,1,0
6rRMEXuLAng_013,1138,0.9996770620346069,1,0
6rRMEXuLAng_013,1139,0.9991011619567871,1,0
6rRMEXuLAng_013,1140,0.9964525699615479,1,0
6rRMEXuLAng_013,1141,0.9902158975601196,1,0
6rRMEXuLAng_013,1142,0.9815473556518555,1,0
6rRMEXuLAng_013,1143,0.9210891127586365,1,0
6rRMEXuLAng_013,1144,0.7588570713996887,1,0
6rRMEXuLAng_013,1145,0.571138322353363,1,0
6rRMEXuLAng_013,1146,0.48531031608581543,1,0
6rRMEXuLAng_013,1147,0.2519042491912842,0,0
6rRMEXuLAng_013,1148,0.1599808931350708,0,0
6rRMEXuLAng_013,1149,0.12710729241371155,0,0
6rRMEXuLAng_013,1150,0.08310855180025101,0,0
6rRMEXuLAng_013,1151,0.06522919982671738,0,0
6rRMEXuLAng_013,1152,0.08645544946193695,0,0
6rRMEXuLAng_013,1153,0.04404434934258461,0,0
6rRMEXuLAng_013,1154,0.024120867252349854,0,0
6rRMEXuLAng_013,1155,0.009975890628993511,0,0
6rRMEXuLAng_013,1156,0.008050963282585144,0,0
6rRMEXuLAng_013,1157,0.007998657412827015,0,0
6rRMEXuLAng_013,1158,0.00640016607940197,0,0
6rRMEXuLAng_013,1159,0.006510012783110142,0,0
6rRMEXuLAng_013,1160,0.005621237680315971,0,0
6rRMEXuLAng_013,1161,0.0064635141752660275,0,0
6rRMEXuLAng_013,1162,0.0047675506211817265,0,0
6rRMEXuLAng_013,1163,0.002429662039503455,0,0
6rRMEXuLAng_013,1164,0.0011585899628698826,0,0
6rRMEXuLAng_013,1165,0.0018480231519788504,0,0
6rRMEXuLAng_013,1166,0.0018131170654669404,0,0
6rRMEXuLAng_013,1167,0.0012670409632846713,0,0
6rRMEXuLAng_013,1168,0.0009287059656344354,0,0
6rRMEXuLAng_013,1169,0.0008571183425374329,0,0
6rRMEXuLAng_013,1170,0.0011753382859751582,0,0
6rRMEXuLAng_013,1171,0.0006492352113127708,0,0
6rRMEXuLAng_013,1172,0.00021416261733975261,0,0
6rRMEXuLAng_013,1173,7.229624316096306e-05,0,0
6rRMEXuLAng_013,1174,2.484362994437106e-05,0,0
6rRMEXuLAng_013,1175,8.6804084276082e-06,0,0
6rRMEXuLAng_013,1176,8.080694897216745e-06,0,0
6rRMEXuLAng_013,1177,1.1112118954770267e-05,0,0
6rRMEXuLAng_013,1178,5.694717856385978e-06,0,0
6rRMEXuLAng_013,1179,3.0121009331196547e-06,0,0
6rRMEXuLAng_013,1180,1.2475472885853378e-06,0,0
6rRMEXuLAng_013,1181,4.819814876100281e-07,0,0
6rRMEXuLAng_013,1182,1.8451089545123978e-07,0,0
6rRMEXuLAng_013,1183,8.60394919754981e-08,0,0
6rRMEXuLAng_013,1184,5.103849076704137e-08,0,0
6rRMEXuLAng_013,1185,3.4324234121640984e-08,0,0
6rRMEXuLAng_013,1186,3.92494818868272e-08,0,0
6rRMEXuLAng_013,1187,4.207025483538018e-08,0,0
6rRMEXuLAng_013,1188,2.9291280512211415e-08,0,0
6rRMEXuLAng_013,1189,8.281173791147012e-08,0,0
6rRMEXuLAng_013,1190,1.8467390816567786e-07,0,0
6rRMEXuLAng_013,1191,3.3594159276617575e-07,0,0
6rRMEXuLAng_013,1192,1.826759898904129e-07,0,0
6rRMEXuLAng_013,1193,9.223843022709843e-08,0,0
6rRMEXuLAng_013,1194,6.000856700438817e-08,0,0
6rRMEXuLAng_013,1195,4.1573695597207916e-08,0,0
6rRMEXuLAng_013,1196,5.0262553230595586e-08,0,0
6rRMEXuLAng_013,1197,4.098798100926615e-08,0,0
6rRMEXuLAng_013,1198,3.011658833429465e-08,0,0
6rRMEXuLAng_013,1199,1.608756861060101e-08,0,0
6rRMEXuLAng_013,1200,9.32381372109603e-09,0,0
6rRMEXuLAng_013,1201,3.997651543130587e-09,0,0
6rRMEXuLAng_013,1202,2.0889092677833787e-09,0,0
6rRMEXuLAng_013,1203,2.262400489172478e-09,0,0
6rRMEXuLAng_013,1204,1.5892007709794598e-09,0,0
6rRMEXuLAng_013,1205,9.941796275114712e-10,0,0
6rRMEXuLAng_013,1206,5.451387119492779e-10,0,0
6rRMEXuLAng_013,1207,3.342257581806507e-10,0,0
6rRMEXuLAng_013,1208,1.51704440676248e-10,0,0
6rRMEXuLAng_013,1209,6.380258821270246e-11,0,0
6rRMEXuLAng_013,1210,3.1933483635171456e-11,0,0
6rRMEXuLAng_013,1211,1.9817475785388616e-11,0,0
6rRMEXuLAng_013,1212,2.0716393878128514e-11,0,0
6rRMEXuLAng_013,1213,2.72794287159428e-11,0,0
6rRMEXuLAng_013,1214,1.2119958682499377e-11,0,0
6rRMEXuLAng_013,1215,8.280683430617053e-12,0,0
6rRMEXuLAng_013,1216,5.771946288979368e-12,0,0
6rRMEXuLAng_013,1217,5.103469296469099e-12,0,0
6rRMEXuLAng_013,1218,3.033490993120669e-12,0,0
6rRMEXuLAng_013,1219,2.1926648864634135e-12,0,0
6rRMEXuLAng_013,1220,1.4072215615001937e-12,0,0
6rRMEXuLAng_013,1221,1.0272797152863222e-12,0,0
6rRMEXuLAng_013,1222,9.019350479151644e-13,0,0
6rRMEXuLAng_013,1223,1.2262467517093478e-12,0,0
6rRMEXuLAng_013,1224,4.527731922027156e-12,0,0
6rRMEXuLAng_013,1225,1.3694110082007604e-11,0,0
6rRMEXuLAng_013,1226,3.5229218847687704e-11,0,0
6rRMEXuLAng_013,1227,6.551938158683157e-11,0,0
6rRMEXuLAng_013,1228,1.0869531663626475e-10,0,0
6rRMEXuLAng_013,1229,1.673319260930839e-10,0,0
6rRMEXuLAng_013,1230,2.802250376188198e-10,0,0
6rRMEXuLAng_013,1231,2.722434222501846e-10,0,0
6rRMEXuLAng_013,1232,3.202022813564298e-10,0,0
6rRMEXuLAng_013,1233,4.592437263806204e-10,0,0
6rRMEXuLAng_013,1234,6.82052081479867e-10,0,0
6rRMEXuLAng_013,1235,8.31830382352905e-10,0,0
6rRMEXuLAng_013,1236,7.242191846223989e-10,0,0
6rRMEXuLAng_013,1237,7.742724239534482e-10,0,0
6rRMEXuLAng_013,1238,7.87152676373637e-10,0,0
6rRMEXuLAng_013,1239,7.989143790965159e-10,0,0
6rRMEXuLAng_013,1240,6.605482827382048e-10,0,0
6rRMEXuLAng_013,1241,9.726344174509904e-10,0,0
6rRMEXuLAng_013,1242,4.1680681128752894e-10,0,0
6rRMEXuLAng_013,1243,3.1381083842596524e-10,0,0
6rRMEXuLAng_013,1244,4.130137620794727e-10,0,0
6rRMEXuLAng_013,1245,1.072930522205695e-09,0,0
6rRMEXuLAng_013,1246,2.1073658373893522e-09,0,0
6rRMEXuLAng_013,1247,1.3122678055310644e-08,0,0
6rRMEXuLAng_013,1248,9.071821693851234e-08,0,0
6rRMEXuLAng_013,1249,5.532705245059333e-07,0,0
6rRMEXuLAng_013,1250,4.080945473106112e-06,0,0
6rRMEXuLAng_013,1251,1.773357689671684e-05,0,0
6rRMEXuLAng_013,1252,3.021964403160382e-05,0,0
6rRMEXuLAng_013,1253,9.484007023274899e-05,0,0
6rRMEXuLAng_013,1254,0.0004952792660333216,0,0
6rRMEXuLAng_013,1255,0.001514718635007739,0,0
6rRMEXuLAng_013,1256,0.0021476387046277523,0,0
6rRMEXuLAng_013,1257,0.0038040531799197197,0,0
6rRMEXuLAng_013,1258,0.006055360659956932,0,0
6rRMEXuLAng_013,1259,0.004668444860726595,0,0
6rRMEXuLAng_013,1260,0.008154832758009434,0,0
6rRMEXuLAng_013,1261,0.017090635374188423,0,0
6rRMEXuLAng_013,1262,0.03553652763366699,0,0
6rRMEXuLAng_013,1263,0.07355044037103653,0,0
6rRMEXuLAng_013,1264,0.05629415810108185,0,0
6rRMEXuLAng_013,1265,0.044998180121183395,0,0
6rRMEXuLAng_013,1266,0.0836041048169136,0,0
6rRMEXuLAng_013,1267,0.08031712472438812,0,0
6rRMEXuLAng_013,1268,0.09119486063718796,0,0
6rRMEXuLAng_013,1269,0.06425851583480835,0,0
6rRMEXuLAng_013,1270,0.04509594291448593,0,0
6rRMEXuLAng_013,1271,0.0305828545242548,0,0
6rRMEXuLAng_013,1272,0.021280407905578613,0,0
6rRMEXuLAng_013,1273,0.01862555742263794,0,0
6rRMEXuLAng_013,1274,0.00823900755494833,0,0
6rRMEXuLAng_013,1275,0.005755684804171324,0,0
6rRMEXuLAng_013,1276,0.0011021853424608707,0,0
6rRMEXuLAng_013,1277,0.0003564766375347972,0,0
6rRMEXuLAng_013,1278,0.00012251758016645908,0,0
6rRMEXuLAng_013,1279,6.477811984950677e-05,0,0
6rRMEXuLAng_013,1280,3.095774445682764e-05,0,0
6rRMEXuLAng_013,1281,1.1139771231682971e-05,0,0
6rRMEXuLAng_013,1282,7.907068720669486e-06,0,0
6rRMEXuLAng_013,1283,5.593504738499178e-06,0,0
6rRMEXuLAng_013,1284,3.1742324608785566e-06,0,0
6rRMEXuLAng_013,1285,2.199211394326994e-06,0,0
6rRMEXuLAng_013,1286,1.3501298781193327e-06,0,0
6rRMEXuLAng_013,1287,7.730482138867956e-07,0,0
6rRMEXuLAng_013,1288,1.5429673112521414e-06,0,0
6rRMEXuLAng_013,1289,1.438172262169246e-06,0,0
6rRMEXuLAng_013,1290,3.9138467400334775e-06,0,0
6rRMEXuLAng_013,1291,9.668875463830773e-06,0,0
6rRMEXuLAng_013,1292,4.713906309916638e-05,0,0
6rRMEXuLAng_013,1293,0.0012906994670629501,0,0
6rRMEXuLAng_013,1294,0.015049130655825138,0,0
6rRMEXuLAng_013,1295,0.06978483498096466,0,0
6rRMEXuLAng_013,1296,0.29940417408943176,0,0
6rRMEXuLAng_013,1297,0.5044510364532471,1,0
6rRMEXuLAng_013,1298,0.813110888004303,1,0
6rRMEXuLAng_013,1299,0.8994159698486328,1,0
6rRMEXuLAng_013,1300,0.9444582462310791,1,0
6rRMEXuLAng_013,1301,0.97273850440979,1,0
6rRMEXuLAng_013,1302,0.9641414284706116,1,0
6rRMEXuLAng_013,1303,0.9652103185653687,1,0
6rRMEXuLAng_013,1304,0.950618326663971,1,0
6rRMEXuLAng_013,1305,0.9262469410896301,1,0
6rRMEXuLAng_013,1306,0.9224690794944763,1,0
6rRMEXuLAng_013,1307,0.9450720548629761,1,0
6rRMEXuLAng_013,1308,0.9538943767547607,1,0
6rRMEXuLAng_013,1309,0.9573096632957458,1,0
6rRMEXuLAng_013,1310,0.9642333984375,1,0
6rRMEXuLAng_013,1311,0.9768433570861816,1,0
6rRMEXuLAng_013,1312,0.9246297478675842,1,0
6rRMEXuLAng_013,1313,0.755105197429657,1,0
6rRMEXuLAng_013,1314,0.3868439495563507,1,0
6rRMEXuLAng_013,1315,0.17266272008419037,0,0
6rRMEXuLAng_013,1316,0.07489022612571716,0,0
6rRMEXuLAng_013,1317,0.052518799901008606,0,0
6rRMEXuLAng_013,1318,0.04109974578022957,0,0
6rRMEXuLAng_013,1319,0.044153597205877304,0,0
6rRMEXuLAng_013,1320,0.057305753231048584,0,0
6rRMEXuLAng_013,1321,0.07476497441530228,0,0
6rRMEXuLAng_013,1322,0.19110797345638275,0,0
6rRMEXuLAng_013,1323,0.2540355622768402,0,0
6rRMEXuLAng_013,1324,0.46866118907928467,1,0
6rRMEXuLAng_013,1325,0.5421702861785889,1,0
6rRMEXuLAng_013,1326,0.722296416759491,1,0
6rRMEXuLAng_013,1327,0.8637762665748596,1,0
6rRMEXuLAng_013,1328,0.9420456886291504,1,0
6rRMEXuLAng_013,1329,0.9798034429550171,1,0
6rRMEXuLAng_013,1330,0.9933551549911499,1,0
6rRMEXuLAng_013,1331,0.9970622658729553,1,0
6rRMEXuLAng_013,1332,0.9993880987167358,1,0
6rRMEXuLAng_013,1333,0.9997147917747498,1,0
6rRMEXuLAng_013,1334,0.9997850060462952,1,0
6rRMEXuLAng_013,1335,0.9997798800468445,1,0
6rRMEXuLAng_013,1336,0.9998227953910828,1,0
6rRMEXuLAng_013,1337,0.9998393058776855,1,0
6rRMEXuLAng_013,1338,0.9999160766601562,1,0
6rRMEXuLAng_013,1339,0.9999680519104004,1,0
6rRMEXuLAng_013,1340,0.9999845027923584,1,0
6rRMEXuLAng_013,1341,0.9999969005584717,1,0
6rRMEXuLAng_013,1342,0.999997615814209,1,0
6rRMEXuLAng_013,1343,0.9999982118606567,1,0
6rRMEXuLAng_013,1344,0.9999983310699463,1,0
6rRMEXuLAng_013,1345,0.999998927116394,1,0
6rRMEXuLAng_013,1346,0.9999996423721313,1,0
6rRMEXuLAng_013,1347,1.0,1,0
6rRMEXuLAng_013,1348,1.0,1,0
6rRMEXuLAng_013,1349,1.0,1,0
6rRMEXuLAng_013,1350,1.0,1,0
6rRMEXuLAng_013,1351,1.0,1,0
6rRMEXuLAng_013,1352,1.0,1,0
6rRMEXuLAng_013,1353,1.0,1,1
6rRMEXuLAng_013,1354,1.0,1,1
6rRMEXuLAng_013,1355,1.0,1,1
6rRMEXuLAng_013,1356,1.0,1,1
6rRMEXuLAng_013,1357,1.0,1,1
6rRMEXuLAng_013,1358,1.0,1,1
6rRMEXuLAng_013,1359,1.0,1,1
6rRMEXuLAng_013,1360,1.0,1,1
6rRMEXuLAng_013,1361,1.0,1,1
6rRMEXuLAng_013,1362,1.0,1,1
6rRMEXuLAng_013,1363,1.0,1,1
6rRMEXuLAng_013,1364,1.0,1,1
6rRMEXuLAng_013,1365,1.0,1,1
6rRMEXuLAng_013,1366,1.0,1,1
6rRMEXuLAng_013,1367,1.0,1,1
6rRMEXuLAng_013,1368,1.0,1,1
6rRMEXuLAng_013,1369,1.0,1,1
6rRMEXuLAng_013,1370,1.0,1,1
6rRMEXuLAng_013,1371,1.0,1,1
6rRMEXuLAng_013,1372,1.0,1,1
6rRMEXuLAng_013,1373,1.0,1,1
6rRMEXuLAng_013,1374,1.0,1,1
6rRMEXuLAng_013,1375,1.0,1,1
6rRMEXuLAng_013,1376,1.0,1,1
6rRMEXuLAng_013,1377,1.0,1,1
6rRMEXuLAng_013,1378,1.0,1,1
6rRMEXuLAng_013,1379,1.0,1,1
6rRMEXuLAng_013,1380,1.0,1,1
6rRMEXuLAng_013,1381,1.0,1,1
6rRMEXuLAng_013,1382,1.0,1,1
6rRMEXuLAng_013,1383,1.0,1,1
6rRMEXuLAng_013,1384,1.0,1,1
6rRMEXuLAng_013,1385,1.0,1,1
6rRMEXuLAng_013,1386,1.0,1,1
6rRMEXuLAng_013,1387,1.0,1,1
6rRMEXuLAng_013,1388,1.0,1,1
6rRMEXuLAng_013,1389,1.0,1,1
6rRMEXuLAng_013,1390,1.0,1,1
6rRMEXuLAng_013,1391,1.0,1,1
6rRMEXuLAng_013,1392,1.0,1,1
6rRMEXuLAng_013,1393,1.0,1,1
6rRMEXuLAng_013,1394,1.0,1,1
6rRMEXuLAng_013,1395,1.0,1,1
6rRMEXuLAng_013,1396,1.0,1,1
6rRMEXuLAng_013,1397,1.0,1,1
6rRMEXuLAng_013,1398,1.0,1,1
6rRMEXuLAng_013,1399,1.0,1,1
6rRMEXuLAng_013,1400,1.0,1,1
6rRMEXuLAng_013,1401,1.0,1,1
6rRMEXuLAng_013,1402,1.0,1,1
6rRMEXuLAng_013,1403,1.0,1,1
6rRMEXuLAng_013,1404,1.0,1,1
6rRMEXuLAng_013,1405,1.0,1,1
6rRMEXuLAng_013,1406,1.0,1,1
6rRMEXuLAng_013,1407,1.0,1,1
6rRMEXuLAng_013,1408,1.0,1,1
6rRMEXuLAng_013,1409,1.0,1,1
6rRMEXuLAng_013,1410,1.0,1,1
6rRMEXuLAng_013,1411,1.0,1,1
6rRMEXuLAng_013,1412,1.0,1,1
6rRMEXuLAng_013,1413,1.0,1,1
6rRMEXuLAng_013,1414,1.0,1,1
6rRMEXuLAng_013,1415,1.0,1,1
6rRMEXuLAng_013,1416,1.0,1,1
6rRMEXuLAng_013,1417,1.0,1,1
6rRMEXuLAng_013,1418,1.0,1,1
6rRMEXuLAng_013,1419,1.0,1,1
6rRMEXuLAng_013,1420,1.0,1,1
6rRMEXuLAng_013,1421,1.0,1,1
6rRMEXuLAng_013,1422,1.0,1,1
6rRMEXuLAng_013,1423,1.0,1,1
6rRMEXuLAng_013,1424,1.0,1,1
6rRMEXuLAng_013,1425,1.0,1,1
6rRMEXuLAng_013,1426,1.0,1,1
6rRMEXuLAng_013,1427,1.0,1,1
6rRMEXuLAng_013,1428,1.0,1,1
6rRMEXuLAng_013,1429,1.0,1,1
6rRMEXuLAng_013,1430,1.0,1,1
6rRMEXuLAng_013,1431,1.0,1,1
6rRMEXuLAng_013,1432,1.0,1,1
6rRMEXuLAng_013,1433,1.0,1,1
6rRMEXuLAng_013,1434,1.0,1,1
6rRMEXuLAng_013,1435,1.0,1,1
6rRMEXuLAng_013,1436,1.0,1,1
6rRMEXuLAng_013,1437,1.0,1,1
6rRMEXuLAng_013,1438,1.0,1,1
6rRMEXuLAng_013,1439,1.0,1,1
6rRMEXuLAng_013,1440,1.0,1,1
6rRMEXuLAng_013,1441,1.0,1,1
6rRMEXuLAng_013,1442,1.0,1,1
6rRMEXuLAng_013,1443,1.0,1,1
6rRMEXuLAng_013,1444,1.0,1,1
6rRMEXuLAng_013,1445,1.0,1,1
6rRMEXuLAng_013,1446,1.0,1,1
6rRMEXuLAng_013,1447,1.0,1,1
6rRMEXuLAng_013,1448,1.0,1,1
6rRMEXuLAng_013,1449,1.0,1,1
6rRMEXuLAng_013,1450,1.0,1,1
6rRMEXuLAng_013,1451,1.0,1,1
6rRMEXuLAng_013,1452,1.0,1,1
6rRMEXuLAng_013,1453,1.0,1,1
6rRMEXuLAng_013,1454,1.0,1,1
6rRMEXuLAng_013,1455,1.0,1,1
6rRMEXuLAng_013,1456,1.0,1,1
6rRMEXuLAng_013,1457,1.0,1,1
6rRMEXuLAng_013,1458,1.0,1,1
6rRMEXuLAng_013,1459,1.0,1,1
6rRMEXuLAng_013,1460,1.0,1,1
6rRMEXuLAng_013,1461,1.0,1,1
6rRMEXuLAng_013,1462,1.0,1,1
6rRMEXuLAng_013,1463,1.0,1,1
6rRMEXuLAng_013,1464,1.0,1,1
6rRMEXuLAng_013,1465,1.0,1,1
6rRMEXuLAng_013,1466,1.0,1,1
6rRMEXuLAng_013,1467,1.0,1,1
6rRMEXuLAng_013,1468,1.0,1,1
6rRMEXuLAng_013,1469,1.0,1,1
6rRMEXuLAng_013,1470,1.0,1,1
6rRMEXuLAng_013,1471,1.0,1,1
6rRMEXuLAng_013,1472,1.0,1,1
6rRMEXuLAng_013,1473,1.0,1,1
6rRMEXuLAng_013,1474,1.0,1,1
6rRMEXuLAng_013,1475,1.0,1,1
6rRMEXuLAng_013,1476,1.0,1,1
6rRMEXuLAng_013,1477,1.0,1,1
6rRMEXuLAng_013,1478,1.0,1,1
6rRMEXuLAng_013,1479,1.0,1,1
6rRMEXuLAng_013,1480,1.0,1,1
6rRMEXuLAng_013,1481,1.0,1,1
6rRMEXuLAng_013,1482,1.0,1,1
6rRMEXuLAng_013,1483,1.0,1,1
6rRMEXuLAng_013,1484,1.0,1,1
6rRMEXuLAng_013,1485,1.0,1,1
6rRMEXuLAng_013,1486,1.0,1,1
6rRMEXuLAng_013,1487,1.0,1,1
6rRMEXuLAng_013,1488,1.0,1,1
6rRMEXuLAng_013,1489,1.0,1,1
6rRMEXuLAng_013,1490,1.0,1,1
6rRMEXuLAng_013,1491,1.0,1,1
6rRMEXuLAng_013,1492,1.0,1,1
6rRMEXuLAng_013,1493,1.0,1,1
6rRMEXuLAng_013,1494,1.0,1,1
6rRMEXuLAng_013,1495,1.0,1,1
6rRMEXuLAng_013,1496,1.0,1,1
6rRMEXuLAng_013,1497,1.0,1,1
6rRMEXuLAng_013,1498,1.0,1,1
6rRMEXuLAng_013,1499,1.0,1,1
6rRMEXuLAng_013,1500,1.0,1,1
6rRMEXuLAng_013,1501,1.0,1,1
6rRMEXuLAng_013,1502,1.0,1,1
6rRMEXuLAng_013,1503,1.0,1,1
6rRMEXuLAng_013,1504,1.0,1,1
6rRMEXuLAng_013,1505,1.0,1,1
6rRMEXuLAng_013,1506,1.0,1,1
6rRMEXuLAng_013,1507,1.0,1,1
6rRMEXuLAng_013,1508,1.0,1,1
6rRMEXuLAng_013,1509,1.0,1,1
6rRMEXuLAng_013,1510,1.0,1,1
6rRMEXuLAng_013,1511,1.0,1,1
6rRMEXuLAng_013,1512,1.0,1,1
6rRMEXuLAng_013,1513,1.0,1,1
6rRMEXuLAng_013,1514,1.0,1,1
6rRMEXuLAng_013,1515,1.0,1,1
6rRMEXuLAng_013,1516,1.0,1,1
6rRMEXuLAng_013,1517,1.0,1,1
6rRMEXuLAng_013,1518,1.0,1,1
6rRMEXuLAng_013,1519,1.0,1,1
6rRMEXuLAng_013,1520,1.0,1,1
6rRMEXuLAng_013,1521,1.0,1,1
6rRMEXuLAng_013,1522,1.0,1,1
6rRMEXuLAng_013,1523,1.0,1,1
6rRMEXuLAng_013,1524,1.0,1,1
6rRMEXuLAng_013,1525,1.0,1,1
6rRMEXuLAng_013,1526,1.0,1,1
6rRMEXuLAng_013,1527,1.0,1,1
6rRMEXuLAng_013,1528,1.0,1,1
6rRMEXuLAng_013,1529,1.0,1,1
6rRMEXuLAng_013,1530,1.0,1,1
6rRMEXuLAng_013,1531,1.0,1,1
6rRMEXuLAng_013,1532,1.0,1,1
6rRMEXuLAng_013,1533,1.0,1,1
6rRMEXuLAng_013,1534,1.0,1,1
6rRMEXuLAng_013,1535,1.0,1,1
6rRMEXuLAng_013,1536,1.0,1,1
6rRMEXuLAng_013,1537,1.0,1,1
6rRMEXuLAng_013,1538,1.0,1,1
6rRMEXuLAng_013,1539,1.0,1,1
6rRMEXuLAng_013,1540,1.0,1,1
6rRMEXuLAng_013,1541,1.0,1,1
6rRMEXuLAng_013,1542,1.0,1,1
6rRMEXuLAng_013,1543,1.0,1,1
6rRMEXuLAng_013,1544,1.0,1,1
6rRMEXuLAng_013,1545,1.0,1,1
6rRMEXuLAng_013,1546,1.0,1,1
6rRMEXuLAng_013,1547,1.0,1,1
6rRMEXuLAng_013,1548,1.0,1,1
6rRMEXuLAng_013,1549,1.0,1,1
6rRMEXuLAng_013,1550,1.0,1,1
6rRMEXuLAng_013,1551,1.0,1,1
6rRMEXuLAng_013,1552,1.0,1,1
6rRMEXuLAng_013,1553,1.0,1,1
6rRMEXuLAng_013,1554,1.0,1,1
6rRMEXuLAng_013,1555,1.0,1,1
6rRMEXuLAng_013,1556,1.0,1,1
6rRMEXuLAng_013,1557,1.0,1,1
6rRMEXuLAng_013,1558,1.0,1,1
6rRMEXuLAng_013,1559,1.0,1,1
6rRMEXuLAng_013,1560,1.0,1,1
6rRMEXuLAng_013,1561,1.0,1,1
6rRMEXuLAng_013,1562,1.0,1,1
6rRMEXuLAng_013,1563,1.0,1,1
6rRMEXuLAng_013,1564,1.0,1,1
6rRMEXuLAng_013,1565,1.0,1,1
6rRMEXuLAng_013,1566,1.0,1,1
6rRMEXuLAng_013,1567,1.0,1,1
6rRMEXuLAng_013,1568,1.0,1,1
6rRMEXuLAng_013,1569,1.0,1,1
6rRMEXuLAng_013,1570,1.0,1,1
6rRMEXuLAng_013,1571,1.0,1,1
6rRMEXuLAng_013,1572,1.0,1,1
6rRMEXuLAng_013,1573,1.0,1,1
6rRMEXuLAng_013,1574,1.0,1,1
6rRMEXuLAng_013,1575,1.0,1,1
6rRMEXuLAng_013,1576,1.0,1,1
6rRMEXuLAng_013,1577,1.0,1,1
6rRMEXuLAng_013,1578,1.0,1,1
6rRMEXuLAng_013,1579,1.0,1,1
6rRMEXuLAng_013,1580,1.0,1,1
6rRMEXuLAng_013,1581,1.0,1,1
6rRMEXuLAng_013,1582,1.0,1,1
6rRMEXuLAng_013,1583,1.0,1,1
6rRMEXuLAng_013,1584,1.0,1,1
6rRMEXuLAng_013,1585,1.0,1,1
6rRMEXuLAng_013,1586,1.0,1,1
6rRMEXuLAng_013,1587,1.0,1,1
6rRMEXuLAng_013,1588,1.0,1,1
6rRMEXuLAng_013,1589,1.0,1,1
6rRMEXuLAng_013,1590,1.0,1,1
6rRMEXuLAng_013,1591,1.0,1,1
6rRMEXuLAng_013,1592,1.0,1,1
6rRMEXuLAng_013,1593,1.0,1,1
6rRMEXuLAng_013,1594,1.0,1,1
6rRMEXuLAng_013,1595,1.0,1,1
6rRMEXuLAng_013,1596,1.0,1,1
6rRMEXuLAng_013,1597,1.0,1,1
6rRMEXuLAng_013,1598,1.0,1,1
6rRMEXuLAng_013,1599,1.0,1,1
6rRMEXuLAng_013,1600,1.0,1,1
6rRMEXuLAng_013,1601,1.0,1,1
6rRMEXuLAng_013,1602,1.0,1,1
6rRMEXuLAng_013,1603,1.0,1,1
6rRMEXuLAng_013,1604,1.0,1,1
6rRMEXuLAng_013,1605,1.0,1,1
6rRMEXuLAng_013,1606,1.0,1,1
6rRMEXuLAng_013,1607,1.0,1,1
6rRMEXuLAng_013,1608,1.0,1,1
6rRMEXuLAng_013,1609,1.0,1,0
6rRMEXuLAng_013,1610,1.0,1,0
6rRMEXuLAng_013,1611,1.0,1,0
6rRMEXuLAng_013,1612,0.9999998807907104,1,0
6rRMEXuLAng_013,1613,0.9999998807907104,1,0
6rRMEXuLAng_013,1614,0.9999998807907104,1,0
6rRMEXuLAng_013,1615,0.9999998807907104,1,0
6rRMEXuLAng_013,1616,1.0,1,0
6rRMEXuLAng_013,1617,1.0,1,0
6rRMEXuLAng_013,1618,1.0,1,0
6rRMEXuLAng_013,1619,1.0,1,0
6rRMEXuLAng_013,1620,1.0,1,0
6rRMEXuLAng_013,1621,0.9999998807907104,1,0
6rRMEXuLAng_013,1622,0.9999998807907104,1,0
6rRMEXuLAng_013,1623,0.9999998807907104,1,0
6rRMEXuLAng_013,1624,0.9999998807907104,1,0
6rRMEXuLAng_013,1625,0.9999997615814209,1,0
6rRMEXuLAng_013,1626,0.9999995231628418,1,0
6rRMEXuLAng_013,1627,0.9999992847442627,1,0
6rRMEXuLAng_013,1628,0.9999990463256836,1,0
6rRMEXuLAng_013,1629,0.9999994039535522,1,0
6rRMEXuLAng_013,1630,0.9999994039535522,1,0
6rRMEXuLAng_013,1631,0.9999991655349731,1,0
6rRMEXuLAng_013,1632,0.9999994039535522,1,0
6rRMEXuLAng_013,1633,0.9999994039535522,1,0
6rRMEXuLAng_013,1634,0.9999994039535522,1,0
6rRMEXuLAng_013,1635,0.9999996423721313,1,0
6rRMEXuLAng_013,1636,0.9999998807907104,1,0
6rRMEXuLAng_013,1637,1.0,1,0
6rRMEXuLAng_013,1638,1.0,1,0
6rRMEXuLAng_013,1639,1.0,1,0
6rRMEXuLAng_013,1640,1.0,1,0
6rRMEXuLAng_013,1641,1.0,1,0
6rRMEXuLAng_013,1642,1.0,1,0
6rRMEXuLAng_013,1643,1.0,1,0
6rRMEXuLAng_013,1644,1.0,1,0
6rRMEXuLAng_013,1645,1.0,1,0
6rRMEXuLAng_013,1646,1.0,1,0
6rRMEXuLAng_013,1647,1.0,1,0
6rRMEXuLAng_013,1648,1.0,1,0
6rRMEXuLAng_013,1649,1.0,1,0
6rRMEXuLAng_013,1650,0.9999998807907104,1,0
6rRMEXuLAng_013,1651,0.9999997615814209,1,0
6rRMEXuLAng_013,1652,0.9999995231628418,1,0
6rRMEXuLAng_013,1653,0.9999992847442627,1,0
6rRMEXuLAng_013,1654,0.9999992847442627,1,0
6rRMEXuLAng_013,1655,0.999998927116394,1,0
6rRMEXuLAng_013,1656,0.9999972581863403,1,0
6rRMEXuLAng_013,1657,0.999993085861206,1,0
6rRMEXuLAng_013,1658,0.9999904632568359,1,0
6rRMEXuLAng_013,1659,0.9999901056289673,1,0
6rRMEXuLAng_013,1660,0.9999806880950928,1,0
6rRMEXuLAng_013,1661,0.999958872795105,1,0
6rRMEXuLAng_013,1662,0.9998747110366821,1,0
6rRMEXuLAng_013,1663,0.9997656941413879,1,0
6rRMEXuLAng_013,1664,0.9996547698974609,1,0
6rRMEXuLAng_013,1665,0.9993243217468262,1,0
6rRMEXuLAng_013,1666,0.998792290687561,1,0
6rRMEXuLAng_013,1667,0.9982095956802368,1,0
6rRMEXuLAng_013,1668,0.9975958466529846,1,0
6rRMEXuLAng_013,1669,0.9976539015769958,1,0
6rRMEXuLAng_013,1670,0.9971023201942444,1,0
6rRMEXuLAng_013,1671,0.9968822002410889,1,0
6rRMEXuLAng_013,1672,0.9976847171783447,1,0
6rRMEXuLAng_013,1673,0.996212363243103,1,0
6rRMEXuLAng_013,1674,0.9953497052192688,1,0
6rRMEXuLAng_013,1675,0.9924794435501099,1,0
6rRMEXuLAng_013,1676,0.9948246479034424,1,0
6rRMEXuLAng_013,1677,0.9953461289405823,1,0
6rRMEXuLAng_013,1678,0.995901882648468,1,0
6rRMEXuLAng_013,1679,0.9971622824668884,1,0
6rRMEXuLAng_013,1680,0.9975218176841736,1,0
6rRMEXuLAng_013,1681,0.9969393014907837,1,0
6rRMEXuLAng_013,1682,0.9965315461158752,1,0
6rRMEXuLAng_013,1683,0.9965456128120422,1,0
6rRMEXuLAng_013,1684,0.9969793558120728,1,0
6rRMEXuLAng_013,1685,0.9980015158653259,1,0
6rRMEXuLAng_013,1686,0.9982807636260986,1,0
6rRMEXuLAng_013,1687,0.9975937008857727,1,0
6rRMEXuLAng_013,1688,0.9955537915229797,1,0
6rRMEXuLAng_013,1689,0.995895504951477,1,0
6rRMEXuLAng_013,1690,0.9908241033554077,1,0
6rRMEXuLAng_013,1691,0.9902800917625427,1,0
6rRMEXuLAng_013,1692,0.9891818165779114,1,0
6rRMEXuLAng_013,1693,0.9785646200180054,1,0
6rRMEXuLAng_013,1694,0.978773295879364,1,0
6rRMEXuLAng_013,1695,0.9723659753799438,1,0
6rRMEXuLAng_013,1696,0.9263477921485901,1,0
6rRMEXuLAng_013,1697,0.8391914963722229,1,0
6rRMEXuLAng_013,1698,0.6876038312911987,1,0
6rRMEXuLAng_013,1699,0.38042783737182617,1,0
6rRMEXuLAng_013,1700,0.24144114553928375,0,0
6rRMEXuLAng_013,1701,0.14746753871440887,0,0
6rRMEXuLAng_013,1702,0.08141534775495529,0,0
6rRMEXuLAng_013,1703,0.0406554713845253,0,0
6rRMEXuLAng_013,1704,0.01208643987774849,0,0
6rRMEXuLAng_013,1705,0.0029324465431272984,0,0
6rRMEXuLAng_013,1706,0.0007633708883076906,0,0
6rRMEXuLAng_013,1707,0.0002907894959207624,0,0
6rRMEXuLAng_013,1708,0.00011572450603125617,0,0
6rRMEXuLAng_013,1709,5.140523717273027e-05,0,0
6rRMEXuLAng_013,1710,5.031947512179613e-05,0,0
6rRMEXuLAng_013,1711,6.134856812423095e-05,0,0
6rRMEXuLAng_013,1712,0.00010845171345863491,0,0
6rRMEXuLAng_013,1713,0.00013274590310174972,0,0
6rRMEXuLAng_013,1714,0.00014130419003777206,0,0
6rRMEXuLAng_013,1715,6.332327029667795e-05,0,0
6rRMEXuLAng_013,1716,9.425520693184808e-05,0,0
6rRMEXuLAng_013,1717,5.339551717042923e-05,0,0
6rRMEXuLAng_013,1718,1.983015135920141e-05,0,0
6rRMEXuLAng_013,1719,1.4790728528168984e-05,0,0
6rRMEXuLAng_013,1720,1.738083483360242e-05,0,0
6rRMEXuLAng_013,1721,1.274550686503062e-05,0,0
6rRMEXuLAng_013,1722,9.342343219032045e-06,0,0
6rRMEXuLAng_013,1723,6.698858669551555e-06,0,0
6rRMEXuLAng_013,1724,4.451963832252659e-06,0,0
6rRMEXuLAng_013,1725,1.3702787100555724e-06,0,0
6rRMEXuLAng_013,1726,4.862015430262545e-07,0,0
6rRMEXuLAng_013,1727,3.1455007842851046e-07,0,0
6rRMEXuLAng_013,1728,3.476582435268938e-07,0,0
6rRMEXuLAng_013,1729,5.922082095821679e-07,0,0
6rRMEXuLAng_013,1730,2.921690906987351e-07,0,0
6rRMEXuLAng_013,1731,3.675751543141814e-07,0,0
6rRMEXuLAng_013,1732,1.8610528229601186e-07,0,0
6rRMEXuLAng_013,1733,5.00480759058064e-08,0,0
6rRMEXuLAng_013,1734,5.995925533852642e-08,0,0
6rRMEXuLAng_013,1735,3.543691207141819e-08,0,0
6rRMEXuLAng_013,1736,4.636775585709074e-08,0,0
6rRMEXuLAng_013,1737,4.3878092270688285e-08,0,0
6rRMEXuLAng_013,1738,2.9264811018947512e-08,0,0
6rRMEXuLAng_013,1739,2.3093654988315393e-08,0,0
6rRMEXuLAng_013,1740,2.5400744618764293e-08,0,0
6rRMEXuLAng_013,1741,2.345397298597618e-08,0,0
6rRMEXuLAng_013,1742,9.73076907939685e-08,0,0
6rRMEXuLAng_013,1743,5.993112495161768e-07,0,0
6rRMEXuLAng_013,1744,1.917296003739466e-06,0,0
6rRMEXuLAng_013,1745,3.098003389823134e-06,0,0
6rRMEXuLAng_013,1746,1.4109611583990045e-05,0,0
6rRMEXuLAng_013,1747,0.00024557614233344793,0,0
6rRMEXuLAng_013,1748,0.0015521787572652102,0,0
6rRMEXuLAng_013,1749,0.0034920284524559975,0,0
6rRMEXuLAng_013,1750,0.008017506450414658,0,0
6rRMEXuLAng_013,1751,0.007202163338661194,0,0
6rRMEXuLAng_013,1752,0.002185295568779111,0,0
6rRMEXuLAng_013,1753,0.0009085009223781526,0,0
6rRMEXuLAng_013,1754,0.0017218447756022215,0,0
6rRMEXuLAng_013,1755,0.005779037717729807,0,0
6rRMEXuLAng_013,1756,0.03928263112902641,0,0
6rRMEXuLAng_013,1757,0.17053867876529694,0,0
6rRMEXuLAng_013,1758,0.2838435173034668,0,0
6rRMEXuLAng_013,1759,0.3954136073589325,1,0
6rRMEXuLAng_013,1760,0.6173602938652039,1,0
6rRMEXuLAng_013,1761,0.842604398727417,1,0
6rRMEXuLAng_013,1762,0.9500566720962524,1,0
6rRMEXuLAng_013,1763,0.9848612546920776,1,0
6rRMEXuLAng_013,1764,0.9967162609100342,1,0
6rRMEXuLAng_013,1765,0.9991258978843689,1,0
6rRMEXuLAng_013,1766,0.9995796084403992,1,0
6rRMEXuLAng_013,1767,0.9995381832122803,1,0
6rRMEXuLAng_013,1768,0.9994634985923767,1,0
6rRMEXuLAng_013,1769,0.9994311928749084,1,0
6rRMEXuLAng_013,1770,0.9994962215423584,1,0
6rRMEXuLAng_013,1771,0.9994370341300964,1,0
6rRMEXuLAng_013,1772,0.9991631507873535,1,0
6rRMEXuLAng_013,1773,0.9978799819946289,1,0
6rRMEXuLAng_013,1774,0.995526134967804,1,0
6rRMEXuLAng_013,1775,0.9941844344139099,1,0
6rRMEXuLAng_013,1776,0.9919885993003845,1,0
6rRMEXuLAng_013,1777,0.9899824261665344,1,0
6rRMEXuLAng_013,1778,0.9873254299163818,1,0
6rRMEXuLAng_013,1779,0.9802932143211365,1,0
6rRMEXuLAng_013,1780,0.9655575752258301,1,0
6rRMEXuLAng_013,1781,0.924730122089386,1,0
6rRMEXuLAng_013,1782,0.8772649765014648,1,0
6rRMEXuLAng_013,1783,0.8828417062759399,1,0
6rRMEXuLAng_013,1784,0.8203427791595459,1,0
6rRMEXuLAng_013,1785,0.7116261720657349,1,0
6rRMEXuLAng_013,1786,0.7479029297828674,1,0
6rRMEXuLAng_013,1787,0.8252847194671631,1,0
6rRMEXuLAng_013,1788,0.7518652677536011,1,0
6rRMEXuLAng_013,1789,0.6456539034843445,1,0
6rRMEXuLAng_013,1790,0.512477695941925,1,0
6rRMEXuLAng_013,1791,0.32792308926582336,0,0
6rRMEXuLAng_013,1792,0.20101743936538696,0,0
6rRMEXuLAng_013,1793,0.08493484556674957,0,0
6rRMEXuLAng_013,1794,0.03812867030501366,0,0
6rRMEXuLAng_013,1795,0.016592243686318398,0,0
6rRMEXuLAng_013,1796,0.008308765478432178,0,0
6rRMEXuLAng_013,1797,0.003577312920242548,0,0
6rRMEXuLAng_013,1798,0.0036893284413963556,0,0
6rRMEXuLAng_013,1799,0.00739729730412364,0,0
