clip_key,frame_idx,prob_playing,pred_playing
NSsm4av7AF8_003,0,5.437048923064014e-13,0
NSsm4av7AF8_003,1,3.1171170245675173e-13,0
NSsm4av7AF8_003,2,8.133656915305584e-14,0
NSsm4av7AF8_003,3,4.8989749702656876e-14,0
NSsm4av7AF8_003,4,2.3191846799117472e-14,0
NSsm4av7AF8_003,5,9.867039368720298e-15,0
NSsm4av7AF8_003,6,7.41277156844633e-15,0
NSsm4av7AF8_003,7,4.361268883876354e-15,0
NSsm4av7AF8_003,8,2.3048909989268306e-15,0
NSsm4av7AF8_003,9,4.061274377914351e-15,0
NSsm4av7AF8_003,10,6.264865318547251e-15,0
NSsm4av7AF8_003,11,7.731650673967368e-15,0
NSsm4av7AF8_003,12,6.891036118870887e-15,0
NSsm4av7AF8_003,13,8.639966454955517e-15,0
NSsm4av7AF8_003,14,1.13487066695072e-14,0
NSsm4av7AF8_003,15,1.3075119058205548e-14,0
NSsm4av7AF8_003,16,8.702882368211672e-15,0
NSsm4av7AF8_003,17,4.6575707497048015e-15,0
NSsm4av7AF8_003,18,4.106279779500814e-15,0
NSsm4av7AF8_003,19,5.3585616643253036e-15,0
NSsm4av7AF8_003,20,7.69821828353924e-15,0
NSsm4av7AF8_003,21,1.4484243069257802e-14,0
NSsm4av7AF8_003,22,1.8298102087894487e-14,0
NSsm4av7AF8_003,23,2.2864189044131088e-14,0
NSsm4av7AF8_003,24,1.8383986146548393e-14,0
NSsm4av7AF8_003,25,2.548389423746508e-14,0
NSsm4av7AF8_003,26,3.7579013116356356e-14,0
NSsm4av7AF8_003,27,6.34878366784046e-14,0
NSsm4av7AF8_003,28,6.570774740283225e-14,0
NSsm4av7AF8_003,29,2.1151013069892893e-13,0
NSsm4av7AF8_003,30,1.7658449572369173e-13,0
NSsm4av7AF8_003,31,9.428640865023069e-14,0
NSsm4av7AF8_003,32,3.59018065656299e-14,0
NSsm4av7AF8_003,33,2.3275511631449565e-14,0
NSsm4av7AF8_003,34,2.421461536600451e-14,0
NSsm4av7AF8_003,35,6.260198251711174e-14,0
NSsm4av7AF8_003,36,6.865418200304245e-14,0
NSsm4av7AF8_003,37,1.440388742524404e-13,0
NSsm4av7AF8_003,38,2.96683820089419e-13,0
NSsm4av7AF8_003,39,1.434223941866597e-12,0
NSsm4av7AF8_003,40,5.607031332288681e-12,0
NSsm4av7AF8_003,41,4.23639352764571e-11,0
NSsm4av7AF8_003,42,2.0904945829958166e-10,0
NSsm4av7AF8_003,43,5.460294438819345e-10,0
NSsm4av7AF8_003,44,9.75190483920585e-10,0
NSsm4av7AF8_003,45,9.460130456773186e-10,0
NSsm4av7AF8_003,46,1.1835915580959975e-09,0
NSsm4av7AF8_003,47,3.398883396954488e-09,0
NSsm4av7AF8_003,48,1.4480447063647262e-08,0
NSsm4av7AF8_003,49,3.73634989614402e-08,0
NSsm4av7AF8_003,50,8.154776764968119e-08,0
NSsm4av7AF8_003,51,4.796580697075115e-07,0
NSsm4av7AF8_003,52,2.103709903167328e-06,0
NSsm4av7AF8_003,53,9.081678399525115e-06,0
NSsm4av7AF8_003,54,2.4916898837545887e-05,0
NSsm4av7AF8_003,55,0.0001313801039941,0
NSsm4av7AF8_003,56,3.869994543492794e-05,0
NSsm4av7AF8_003,57,1.777882243914064e-05,0
NSsm4av7AF8_003,58,1.6271731510641985e-05,0
NSsm4av7AF8_003,59,1.0145188753085677e-05,0
NSsm4av7AF8_003,60,8.22298079583561e-06,0
NSsm4av7AF8_003,61,7.72591374698095e-06,0
NSsm4av7AF8_003,62,1.1360584721842317e-05,0
NSsm4av7AF8_003,63,2.158734787371941e-05,0
NSsm4av7AF8_003,64,4.6952969569247216e-05,0
NSsm4av7AF8_003,65,3.5731951356865466e-05,0
NSsm4av7AF8_003,66,5.218693331698887e-05,0
NSsm4av7AF8_003,67,8.854483166942373e-05,0
NSsm4av7AF8_003,68,0.0002755109453573,0
NSsm4av7AF8_003,69,0.0009361927513964,0
NSsm4av7AF8_003,70,0.0019133823225274,0
NSsm4av7AF8_003,71,7.86896125646308e-05,0
NSsm4av7AF8_003,72,5.145751856616698e-05,0
NSsm4av7AF8_003,73,3.095718420809135e-05,0
NSsm4av7AF8_003,74,1.7564994777785614e-05,0
NSsm4av7AF8_003,75,1.78464651980903e-05,0
NSsm4av7AF8_003,76,2.532047801651061e-05,0
NSsm4av7AF8_003,77,1.564926242281217e-05,0
NSsm4av7AF8_003,78,1.1280016224191058e-05,0
NSsm4av7AF8_003,79,1.3700600902666338e-05,0
NSsm4av7AF8_003,80,9.06026798475068e-06,0
NSsm4av7AF8_003,81,3.2824912068463163e-06,0
NSsm4av7AF8_003,82,8.05449019480875e-07,0
NSsm4av7AF8_003,83,4.04023182909441e-07,0
NSsm4av7AF8_003,84,6.547411999235919e-07,0
NSsm4av7AF8_003,85,3.952836209464295e-07,0
NSsm4av7AF8_003,86,5.198402277528658e-07,0
NSsm4av7AF8_003,87,7.090602025527915e-07,0
NSsm4av7AF8_003,88,7.329607001338445e-07,0
NSsm4av7AF8_003,89,5.121959247844643e-07,0
NSsm4av7AF8_003,90,3.562898598374886e-07,0
NSsm4av7AF8_003,91,4.5427799477693043e-07,0
NSsm4av7AF8_003,92,4.463006462174235e-07,0
NSsm4av7AF8_003,93,3.876677396874584e-07,0
NSsm4av7AF8_003,94,3.145818823213631e-07,0
NSsm4av7AF8_003,95,5.322770562088408e-07,0
NSsm4av7AF8_003,96,6.795710874030192e-07,0
NSsm4av7AF8_003,97,2.2420970253733685e-06,0
NSsm4av7AF8_003,98,3.820974143309286e-06,0
NSsm4av7AF8_003,99,1.4926490621292032e-05,0
NSsm4av7AF8_003,100,1.9873885321430865e-05,0
NSsm4av7AF8_003,101,5.2382580179255456e-05,0
NSsm4av7AF8_003,102,0.0002853173937182,0
NSsm4av7AF8_003,103,0.0006847479380667,0
NSsm4av7AF8_003,104,0.0013534403406083,0
NSsm4av7AF8_003,105,0.0049538044258952,0
NSsm4av7AF8_003,106,0.0063589862547814,0
NSsm4av7AF8_003,107,0.0083410302177071,0
NSsm4av7AF8_003,108,0.0137071553617715,0
NSsm4av7AF8_003,109,0.0087180826812982,0
NSsm4av7AF8_003,110,0.0084172543138265,0
NSsm4av7AF8_003,111,0.0047821593470871,0
NSsm4av7AF8_003,112,0.003123375121504,0
NSsm4av7AF8_003,113,0.0054882774129509,0
NSsm4av7AF8_003,114,0.0021597768645733,0
NSsm4av7AF8_003,115,0.0001735699624987,0
NSsm4av7AF8_003,116,4.199891918688081e-05,0
NSsm4av7AF8_003,117,3.223700332455337e-05,0
NSsm4av7AF8_003,118,0.0001087588825612,0
NSsm4av7AF8_003,119,0.0017344573279842,0
NSsm4av7AF8_003,120,0.015629967674613,0
NSsm4av7AF8_003,121,0.0116787673905491,0
NSsm4av7AF8_003,122,0.0226729121059179,0
NSsm4av7AF8_003,123,0.2300366312265396,0
NSsm4av7AF8_003,124,0.556338369846344,1
NSsm4av7AF8_003,125,0.9990323781967164,1
NSsm4av7AF8_003,126,0.9999990463256836,1
NSsm4av7AF8_003,127,1.0,1
NSsm4av7AF8_003,128,1.0,1
NSsm4av7AF8_003,129,1.0,1
NSsm4av7AF8_003,130,1.0,1
NSsm4av7AF8_003,131,1.0,1
NSsm4av7AF8_003,132,1.0,1
NSsm4av7AF8_003,133,1.0,1
NSsm4av7AF8_003,134,1.0,1
NSsm4av7AF8_003,135,1.0,1
NSsm4av7AF8_003,136,1.0,1
NSsm4av7AF8_003,137,1.0,1
NSsm4av7AF8_003,138,1.0,1
NSsm4av7AF8_003,139,1.0,1
NSsm4av7AF8_003,140,1.0,1
NSsm4av7AF8_003,141,1.0,1
NSsm4av7AF8_003,142,1.0,1
NSsm4av7AF8_003,143,1.0,1
NSsm4av7AF8_003,144,1.0,1
NSsm4av7AF8_003,145,1.0,1
NSsm4av7AF8_003,146,1.0,1
NSsm4av7AF8_003,147,1.0,1
NSsm4av7AF8_003,148,1.0,1
NSsm4av7AF8_003,149,1.0,1
NSsm4av7AF8_003,150,1.0,1
NSsm4av7AF8_003,151,1.0,1
NSsm4av7AF8_003,152,1.0,1
NSsm4av7AF8_003,153,1.0,1
NSsm4av7AF8_003,154,1.0,1
NSsm4av7AF8_003,155,1.0,1
NSsm4av7AF8_003,156,1.0,1
NSsm4av7AF8_003,157,1.0,1
NSsm4av7AF8_003,158,1.0,1
NSsm4av7AF8_003,159,1.0,1
NSsm4av7AF8_003,160,1.0,1
NSsm4av7AF8_003,161,1.0,1
NSsm4av7AF8_003,162,1.0,1
NSsm4av7AF8_003,163,1.0,1
NSsm4av7AF8_003,164,1.0,1
NSsm4av7AF8_003,165,1.0,1
NSsm4av7AF8_003,166,1.0,1
NSsm4av7AF8_003,167,1.0,1
NSsm4av7AF8_003,168,1.0,1
NSsm4av7AF8_003,169,1.0,1
NSsm4av7AF8_003,170,1.0,1
NSsm4av7AF8_003,171,1.0,1
NSsm4av7AF8_003,172,1.0,1
NSsm4av7AF8_003,173,1.0,1
NSsm4av7AF8_003,174,1.0,1
NSsm4av7AF8_003,175,1.0,1
NSsm4av7AF8_003,176,1.0,1
NSsm4av7AF8_003,177,1.0,1
NSsm4av7AF8_003,178,1.0,1
NSsm4av7AF8_003,179,1.0,1
NSsm4av7AF8_003,180,1.0,1
NSsm4av7AF8_003,181,1.0,1
NSsm4av7AF8_003,182,1.0,1
NSsm4av7AF8_003,183,1.0,1
NSsm4av7AF8_003,184,1.0,1
NSsm4av7AF8_003,185,1.0,1
NSsm4av7AF8_003,186,1.0,1
NSsm4av7AF8_003,187,1.0,1
NSsm4av7AF8_003,188,1.0,1
NSsm4av7AF8_003,189,1.0,1
NSsm4av7AF8_003,190,1.0,1
NSsm4av7AF8_003,191,1.0,1
NSsm4av7AF8_003,192,1.0,1
NSsm4av7AF8_003,193,1.0,1
NSsm4av7AF8_003,194,1.0,1
NSsm4av7AF8_003,195,1.0,1
NSsm4av7AF8_003,196,1.0,1
NSsm4av7AF8_003,197,1.0,1
NSsm4av7AF8_003,198,1.0,1
NSsm4av7AF8_003,199,1.0,1
NSsm4av7AF8_003,200,1.0,1
NSsm4av7AF8_003,201,1.0,1
NSsm4av7AF8_003,202,1.0,1
NSsm4av7AF8_003,203,1.0,1
NSsm4av7AF8_003,204,1.0,1
NSsm4av7AF8_003,205,1.0,1
NSsm4av7AF8_003,206,1.0,1
NSsm4av7AF8_003,207,1.0,1
NSsm4av7AF8_003,208,1.0,1
NSsm4av7AF8_003,209,1.0,1
NSsm4av7AF8_003,210,1.0,1
NSsm4av7AF8_003,211,1.0,1
NSsm4av7AF8_003,212,1.0,1
NSsm4av7AF8_003,213,1.0,1
NSsm4av7AF8_003,214,1.0,1
NSsm4av7AF8_003,215,1.0,1
NSsm4av7AF8_003,216,1.0,1
NSsm4av7AF8_003,217,1.0,1
NSsm4av7AF8_003,218,1.0,1
NSsm4av7AF8_003,219,1.0,1
NSsm4av7AF8_003,220,1.0,1
NSsm4av7AF8_003,221,1.0,1
NSsm4av7AF8_003,222,0.9999998807907104,1
NSsm4av7AF8_003,223,0.9999998807907104,1
NSsm4av7AF8_003,224,0.9999996423721312,1
NSsm4av7AF8_003,225,0.9999995231628418,1
NSsm4av7AF8_003,226,0.9999991655349731,1
NSsm4av7AF8_003,227,0.9999982118606568,1
NSsm4av7AF8_003,228,0.9999974966049194,1
NSsm4av7AF8_003,229,0.9999953508377076,1
NSsm4av7AF8_003,230,0.9999923706054688,1
NSsm4av7AF8_003,231,0.9999871253967284,1
NSsm4av7AF8_003,232,0.9999791383743286,1
NSsm4av7AF8_003,233,0.9999818801879884,1
NSsm4av7AF8_003,234,0.9999673366546632,1
NSsm4av7AF8_003,235,0.9999502897262572,1
NSsm4av7AF8_003,236,0.9999401569366456,1
NSsm4av7AF8_003,237,0.9998964071273804,1
NSsm4av7AF8_003,238,0.999744713306427,1
NSsm4av7AF8_003,239,0.999496579170227,1
NSsm4av7AF8_003,240,0.9971064925193788,1
NSsm4av7AF8_003,241,0.996239423751831,1
NSsm4av7AF8_003,242,0.9961435794830322,1
NSsm4av7AF8_003,243,0.9978400468826294,1
NSsm4av7AF8_003,244,0.9991638660430908,1
NSsm4av7AF8_003,245,0.9993756413459778,1
NSsm4av7AF8_003,246,0.9991105198860168,1
NSsm4av7AF8_003,247,0.9993662238121032,1
NSsm4av7AF8_003,248,0.999500036239624,1
NSsm4av7AF8_003,249,0.9995916485786438,1
NSsm4av7AF8_003,250,0.9993539452552797,1
NSsm4av7AF8_003,251,0.9992392063140868,1
NSsm4av7AF8_003,252,0.9996590614318848,1
NSsm4av7AF8_003,253,0.9999991655349731,1
NSsm4av7AF8_003,254,1.0,1
NSsm4av7AF8_003,255,1.0,1
NSsm4av7AF8_003,256,1.0,1
NSsm4av7AF8_003,257,1.0,1
NSsm4av7AF8_003,258,1.0,1
NSsm4av7AF8_003,259,1.0,1
NSsm4av7AF8_003,260,1.0,1
NSsm4av7AF8_003,261,1.0,1
NSsm4av7AF8_003,262,1.0,1
NSsm4av7AF8_003,263,1.0,1
NSsm4av7AF8_003,264,1.0,1
NSsm4av7AF8_003,265,1.0,1
NSsm4av7AF8_003,266,1.0,1
NSsm4av7AF8_003,267,0.9999974966049194,1
NSsm4av7AF8_003,268,0.9996907711029052,1
NSsm4av7AF8_003,269,0.9999693632125854,1
NSsm4av7AF8_003,270,1.0,1
NSsm4av7AF8_003,271,1.0,1
NSsm4av7AF8_003,272,1.0,1
NSsm4av7AF8_003,273,1.0,1
NSsm4av7AF8_003,274,1.0,1
NSsm4av7AF8_003,275,1.0,1
NSsm4av7AF8_003,276,1.0,1
NSsm4av7AF8_003,277,1.0,1
NSsm4av7AF8_003,278,1.0,1
NSsm4av7AF8_003,279,1.0,1
NSsm4av7AF8_003,280,1.0,1
NSsm4av7AF8_003,281,1.0,1
NSsm4av7AF8_003,282,1.0,1
NSsm4av7AF8_003,283,1.0,1
NSsm4av7AF8_003,284,1.0,1
NSsm4av7AF8_003,285,1.0,1
NSsm4av7AF8_003,286,1.0,1
NSsm4av7AF8_003,287,1.0,1
NSsm4av7AF8_003,288,1.0,1
NSsm4av7AF8_003,289,1.0,1
NSsm4av7AF8_003,290,1.0,1
NSsm4av7AF8_003,291,1.0,1
NSsm4av7AF8_003,292,1.0,1
NSsm4av7AF8_003,293,1.0,1
NSsm4av7AF8_003,294,1.0,1
NSsm4av7AF8_003,295,0.9999878406524658,1
NSsm4av7AF8_003,296,0.996916651725769,1
NSsm4av7AF8_003,297,0.9209226369857788,1
NSsm4av7AF8_003,298,0.6428970098495483,1
NSsm4av7AF8_003,299,0.1358312666416168,0
NSsm4av7AF8_003,300,0.0223677922040224,0
NSsm4av7AF8_003,301,0.0095948548987507,0
NSsm4av7AF8_003,302,0.0156119223684072,0
NSsm4av7AF8_003,303,0.0126786464825272,0
NSsm4av7AF8_003,304,0.0351910479366779,0
NSsm4av7AF8_003,305,0.1316047310829162,0
NSsm4av7AF8_003,306,0.2404861748218536,0
NSsm4av7AF8_003,307,0.327868789434433,0
NSsm4av7AF8_003,308,0.419810801744461,1
NSsm4av7AF8_003,309,0.4014172852039337,1
NSsm4av7AF8_003,310,0.4886764287948608,1
NSsm4av7AF8_003,311,0.5730082988739014,1
NSsm4av7AF8_003,312,0.7032753229141235,1
NSsm4av7AF8_003,313,0.6730205416679382,1
NSsm4av7AF8_003,314,0.6329445838928223,1
NSsm4av7AF8_003,315,0.291568785905838,0
NSsm4av7AF8_003,316,0.3384113609790802,0
NSsm4av7AF8_003,317,0.3664933443069458,1
NSsm4av7AF8_003,318,0.0602823607623577,0
NSsm4av7AF8_003,319,0.2923722565174103,0
NSsm4av7AF8_003,320,0.2362283915281295,0
NSsm4av7AF8_003,321,0.5660958886146545,1
NSsm4av7AF8_003,322,0.9701823592185974,1
NSsm4av7AF8_003,323,0.9994829893112184,1
NSsm4av7AF8_003,324,0.9999840259552002,1
NSsm4av7AF8_003,325,0.9999735355377196,1
NSsm4av7AF8_003,326,0.9999998807907104,1
NSsm4av7AF8_003,327,0.99999737739563,1
NSsm4av7AF8_003,328,1.0,1
NSsm4av7AF8_003,329,1.0,1
NSsm4av7AF8_003,330,1.0,1
NSsm4av7AF8_003,331,1.0,1
NSsm4av7AF8_003,332,1.0,1
NSsm4av7AF8_003,333,1.0,1
NSsm4av7AF8_003,334,1.0,1
NSsm4av7AF8_003,335,1.0,1
NSsm4av7AF8_003,336,1.0,1
NSsm4av7AF8_003,337,1.0,1
NSsm4av7AF8_003,338,1.0,1
NSsm4av7AF8_003,339,1.0,1
NSsm4av7AF8_003,340,1.0,1
NSsm4av7AF8_003,341,1.0,1
NSsm4av7AF8_003,342,1.0,1
NSsm4av7AF8_003,343,1.0,1
NSsm4av7AF8_003,344,1.0,1
NSsm4av7AF8_003,345,1.0,1
NSsm4av7AF8_003,346,1.0,1
NSsm4av7AF8_003,347,1.0,1
NSsm4av7AF8_003,348,1.0,1
NSsm4av7AF8_003,349,1.0,1
NSsm4av7AF8_003,350,1.0,1
NSsm4av7AF8_003,351,1.0,1
NSsm4av7AF8_003,352,1.0,1
NSsm4av7AF8_003,353,1.0,1
NSsm4av7AF8_003,354,1.0,1
NSsm4av7AF8_003,355,1.0,1
NSsm4av7AF8_003,356,1.0,1
NSsm4av7AF8_003,357,1.0,1
NSsm4av7AF8_003,358,1.0,1
NSsm4av7AF8_003,359,1.0,1
NSsm4av7AF8_003,360,1.0,1
NSsm4av7AF8_003,361,1.0,1
NSsm4av7AF8_003,362,1.0,1
NSsm4av7AF8_003,363,1.0,1
NSsm4av7AF8_003,364,1.0,1
NSsm4av7AF8_003,365,0.9999997615814208,1
NSsm4av7AF8_003,366,0.9999995231628418,1
NSsm4av7AF8_003,367,0.9999991655349731,1
NSsm4av7AF8_003,368,0.999998927116394,1
NSsm4av7AF8_003,369,0.9999953508377076,1
NSsm4av7AF8_003,370,0.9999885559082032,1
NSsm4av7AF8_003,371,0.9999774694442748,1
NSsm4av7AF8_003,372,0.9999614953994752,1
NSsm4av7AF8_003,373,0.9998987913131714,1
NSsm4av7AF8_003,374,0.9998762607574464,1
NSsm4av7AF8_003,375,0.9998626708984376,1
NSsm4av7AF8_003,376,0.9998419284820556,1
NSsm4av7AF8_003,377,0.9997954964637756,1
NSsm4av7AF8_003,378,0.9994899034500122,1
NSsm4av7AF8_003,379,0.9993465542793274,1
NSsm4av7AF8_003,380,0.997127115726471,1
NSsm4av7AF8_003,381,0.992939591407776,1
NSsm4av7AF8_003,382,0.9912506341934204,1
NSsm4av7AF8_003,383,0.984399914741516,1
NSsm4av7AF8_003,384,0.9652245044708252,1
NSsm4av7AF8_003,385,0.9574916362762452,1
NSsm4av7AF8_003,386,0.9391940832138062,1
NSsm4av7AF8_003,387,0.9236391186714172,1
NSsm4av7AF8_003,388,0.911312222480774,1
NSsm4av7AF8_003,389,0.8615880012512207,1
NSsm4av7AF8_003,390,0.9273617267608644,1
NSsm4av7AF8_003,391,0.955223560333252,1
NSsm4av7AF8_003,392,0.9533799290657043,1
NSsm4av7AF8_003,393,0.9269170165061952,1
NSsm4av7AF8_003,394,0.8619464635848999,1
NSsm4av7AF8_003,395,0.6984704732894897,1
NSsm4av7AF8_003,396,0.6080875396728516,1
NSsm4av7AF8_003,397,0.3793713748455047,1
NSsm4av7AF8_003,398,0.2617362439632416,0
NSsm4av7AF8_003,399,0.0441368632018566,0
NSsm4av7AF8_003,400,0.0293475724756717,0
NSsm4av7AF8_003,401,0.0199263673275709,0
NSsm4av7AF8_003,402,0.026312205940485,0
NSsm4av7AF8_003,403,0.0155858341604471,0
NSsm4av7AF8_003,404,0.007795141544193,0
NSsm4av7AF8_003,405,0.0084500396624207,0
NSsm4av7AF8_003,406,0.0244801733642816,0
NSsm4av7AF8_003,407,0.0378629975020885,0
NSsm4av7AF8_003,408,0.043709423393011,0
NSsm4av7AF8_003,409,0.0307134836912155,0
NSsm4av7AF8_003,410,0.0226217191666364,0
NSsm4av7AF8_003,411,0.008613409474492,0
NSsm4av7AF8_003,412,0.0015045051695778,0
NSsm4av7AF8_003,413,0.0003100288449786,0
NSsm4av7AF8_003,414,5.5406595492968336e-05,0
NSsm4av7AF8_003,415,1.1020378224202432e-05,0
NSsm4av7AF8_003,416,4.778340553457383e-06,0
NSsm4av7AF8_003,417,1.0392473086540122e-06,0
NSsm4av7AF8_003,418,4.689553918524325e-07,0
NSsm4av7AF8_003,419,3.4868256193476554e-07,0
NSsm4av7AF8_003,420,1.6644183631342457e-07,0
NSsm4av7AF8_003,421,1.1438933000817997e-07,0
NSsm4av7AF8_003,422,9.537045997376481e-08,0
NSsm4av7AF8_003,423,7.69139134604302e-08,0
NSsm4av7AF8_003,424,7.567209081571492e-08,0
NSsm4av7AF8_003,425,1.4737635467554358e-07,0
NSsm4av7AF8_003,426,1.4052642427486717e-07,0
NSsm4av7AF8_003,427,1.4739096343419078e-07,0
NSsm4av7AF8_003,428,1.2531261006643038e-07,0
NSsm4av7AF8_003,429,1.284412576296745e-07,0
NSsm4av7AF8_003,430,4.5811560767106136e-08,0
NSsm4av7AF8_003,431,5.7083802573743014e-08,0
NSsm4av7AF8_003,432,6.812128816591212e-08,0
NSsm4av7AF8_003,433,4.838553735453389e-08,0
NSsm4av7AF8_003,434,6.249682371617382e-08,0
NSsm4av7AF8_003,435,2.2033142954569485e-07,0
NSsm4av7AF8_003,436,9.034159234033724e-07,0
NSsm4av7AF8_003,437,3.738927944141324e-06,0
NSsm4av7AF8_003,438,2.695166040211916e-05,0
NSsm4av7AF8_003,439,0.0001154132987721,0
NSsm4av7AF8_003,440,4.841678673983552e-05,0
NSsm4av7AF8_003,441,0.0003024827456101,0
NSsm4av7AF8_003,442,0.0005976260872557,0
NSsm4av7AF8_003,443,0.0005437961081042,0
NSsm4av7AF8_003,444,0.0023667160421609,0
NSsm4av7AF8_003,445,0.0035822440404444,0
NSsm4av7AF8_003,446,0.0072017307393252,0
NSsm4av7AF8_003,447,0.0544441863894462,0
NSsm4av7AF8_003,448,0.3607136011123657,1
NSsm4av7AF8_003,449,0.9997857213020324,1
NSsm4av7AF8_003,450,0.9995729327201844,1
NSsm4av7AF8_003,451,0.9999058246612548,1
NSsm4av7AF8_003,452,0.9998676776885986,1
NSsm4av7AF8_003,453,0.9997912049293518,1
NSsm4av7AF8_003,454,0.9994623064994812,1
NSsm4av7AF8_003,455,0.9980185031890868,1
NSsm4av7AF8_003,456,0.8345696330070496,1
NSsm4av7AF8_003,457,0.2227881401777267,0
NSsm4av7AF8_003,458,0.1049872189760208,0
NSsm4av7AF8_003,459,0.0781758725643158,0
NSsm4av7AF8_003,460,0.0451751984655857,0
NSsm4av7AF8_003,461,0.0308180414140224,0
NSsm4av7AF8_003,462,0.0169927142560482,0
NSsm4av7AF8_003,463,0.0129425907507538,0
NSsm4av7AF8_003,464,0.0103213842958211,0
NSsm4av7AF8_003,465,0.010682594962418,0
NSsm4av7AF8_003,466,0.0084437588229775,0
NSsm4av7AF8_003,467,0.0101143764331936,0
NSsm4av7AF8_003,468,0.0118506290018558,0
NSsm4av7AF8_003,469,0.0104707218706607,0
NSsm4av7AF8_003,470,0.0058990325778722,0
NSsm4av7AF8_003,471,0.0041802106425166,0
NSsm4av7AF8_003,472,0.0024089645594358,0
NSsm4av7AF8_003,473,0.0010730782523751,0
NSsm4av7AF8_003,474,0.0001707918127067,0
NSsm4av7AF8_003,475,0.0002721431665122,0
NSsm4av7AF8_003,476,0.0001010861597023,0
NSsm4av7AF8_003,477,2.6517231162870303e-05,0
NSsm4av7AF8_003,478,9.623513506085146e-06,0
NSsm4av7AF8_003,479,1.1715706023096573e-05,0
NSsm4av7AF8_003,480,1.2545264326035976e-05,0
NSsm4av7AF8_003,481,7.418294444505591e-06,0
NSsm4av7AF8_003,482,3.669493253255496e-06,0
NSsm4av7AF8_003,483,1.003057150228415e-06,0
NSsm4av7AF8_003,484,1.8620363562149578e-07,0
NSsm4av7AF8_003,485,1.2184580100438325e-07,0
NSsm4av7AF8_003,486,4.352724758405203e-08,0
NSsm4av7AF8_003,487,9.784253407474353e-09,0
NSsm4av7AF8_003,488,4.3510790526113405e-09,0
NSsm4av7AF8_003,489,3.4287377381758692e-09,0
NSsm4av7AF8_003,490,4.026715849647644e-09,0
NSsm4av7AF8_003,491,3.412797822122115e-09,0
NSsm4av7AF8_003,492,2.795989217929673e-09,0
NSsm4av7AF8_003,493,3.391837477551007e-09,0
NSsm4av7AF8_003,494,5.451555651347917e-09,0
NSsm4av7AF8_003,495,1.3222221539876957e-08,0
NSsm4av7AF8_003,496,1.7966501175692432e-08,0
NSsm4av7AF8_003,497,1.238741287323819e-08,0
NSsm4av7AF8_003,498,6.004861052844035e-09,0
NSsm4av7AF8_003,499,3.506214207860125e-09,0
NSsm4av7AF8_003,500,1.3242026364324031e-09,0
NSsm4av7AF8_003,501,9.148616308962687e-10,0
NSsm4av7AF8_003,502,6.517987816145875e-10,0
NSsm4av7AF8_003,503,4.892476423989932e-10,0
NSsm4av7AF8_003,504,1.9660564842816086e-10,0
NSsm4av7AF8_003,505,1.0807760242315112e-10,0
NSsm4av7AF8_003,506,7.504415838743839e-11,0
NSsm4av7AF8_003,507,4.0652817917541384e-11,0
NSsm4av7AF8_003,508,2.9767209530628946e-11,0
NSsm4av7AF8_003,509,2.773386728605054e-11,0
NSsm4av7AF8_003,510,2.4674070078778417e-11,0
NSsm4av7AF8_003,511,2.7507966390838412e-11,0
NSsm4av7AF8_003,512,3.7917537165643716e-11,0
NSsm4av7AF8_003,513,5.2523436988582966e-11,0
NSsm4av7AF8_003,514,4.2343094308616713e-11,0
NSsm4av7AF8_003,515,3.576837437346825e-11,0
NSsm4av7AF8_003,516,4.075063550490477e-11,0
NSsm4av7AF8_003,517,3.4083649097516044e-11,0
NSsm4av7AF8_003,518,3.5610989851386776e-11,0
NSsm4av7AF8_003,519,4.2183402604312186e-11,0
NSsm4av7AF8_003,520,5.3394635934900236e-11,0
NSsm4av7AF8_003,521,3.3368290769386626e-11,0
NSsm4av7AF8_003,522,4.6054784985649626e-11,0
NSsm4av7AF8_003,523,6.89666518338683e-11,0
NSsm4av7AF8_003,524,1.114690006964736e-10,0
NSsm4av7AF8_003,525,1.4776851964271032e-10,0
NSsm4av7AF8_003,526,7.072088747950289e-11,0
NSsm4av7AF8_003,527,4.2409856876313157e-11,0
NSsm4av7AF8_003,528,3.085891958631848e-11,0
NSsm4av7AF8_003,529,4.905508985131313e-11,0
NSsm4av7AF8_003,530,9.478837159626607e-11,0
NSsm4av7AF8_003,531,3.037929352522894e-10,0
NSsm4av7AF8_003,532,9.186385541148924e-10,0
NSsm4av7AF8_003,533,2.33506303182196e-09,0
NSsm4av7AF8_003,534,9.774144160701326e-09,0
NSsm4av7AF8_003,535,5.866340746507603e-09,0
NSsm4av7AF8_003,536,4.646130591368092e-09,0
NSsm4av7AF8_003,537,2.4437863288540033e-08,0
NSsm4av7AF8_003,538,4.9616751596204274e-08,0
NSsm4av7AF8_003,539,3.333742171207632e-08,0
NSsm4av7AF8_003,540,1.803436617819898e-07,0
NSsm4av7AF8_003,541,3.7767395610899257e-07,0
NSsm4av7AF8_003,542,4.179678398941178e-06,0
NSsm4av7AF8_003,543,7.956598892633338e-06,0
NSsm4av7AF8_003,544,3.723644113051705e-06,0
NSsm4av7AF8_003,545,2.103892711602384e-06,0
NSsm4av7AF8_003,546,4.271052489457361e-07,0
NSsm4av7AF8_003,547,4.262693948930974e-07,0
NSsm4av7AF8_003,548,1.0539783943386285e-06,0
NSsm4av7AF8_003,549,4.57078840554459e-06,0
NSsm4av7AF8_003,550,2.1811501937918365e-05,0
NSsm4av7AF8_003,551,0.0001009374391287,0
NSsm4av7AF8_003,552,2.401959318376612e-05,0
NSsm4av7AF8_003,553,7.927273145469371e-06,0
NSsm4av7AF8_003,554,5.116763077239739e-06,0
NSsm4av7AF8_003,555,9.408336154592687e-06,0
NSsm4av7AF8_003,556,7.710669706284534e-06,0
NSsm4av7AF8_003,557,3.4011663956334814e-06,0
NSsm4av7AF8_003,558,1.646824443923833e-06,0
NSsm4av7AF8_003,559,7.650028805983311e-07,0
NSsm4av7AF8_003,560,1.0184517122979742e-06,0
NSsm4av7AF8_003,561,1.4359452507051174e-06,0
NSsm4av7AF8_003,562,3.3660585359029938e-06,0
NSsm4av7AF8_003,563,2.0031709482282167e-06,0
NSsm4av7AF8_003,564,3.911813109880313e-06,0
NSsm4av7AF8_003,565,8.151640031428542e-06,0
NSsm4av7AF8_003,566,2.0576175302267075e-05,0
NSsm4av7AF8_003,567,1.9010562027688135e-05,0
NSsm4av7AF8_003,568,3.5473916796036065e-05,0
NSsm4av7AF8_003,569,5.141092333360575e-05,0
NSsm4av7AF8_003,570,5.626292113447562e-05,0
NSsm4av7AF8_003,571,3.558450407581404e-05,0
NSsm4av7AF8_003,572,3.825897874776274e-05,0
NSsm4av7AF8_003,573,4.228082252666354e-05,0
NSsm4av7AF8_003,574,4.051769064972177e-05,0
NSsm4av7AF8_003,575,6.836312968516722e-05,0
NSsm4av7AF8_003,576,2.3989534383872524e-05,0
NSsm4av7AF8_003,577,9.955761015589816e-06,0
NSsm4av7AF8_003,578,9.622008292353712e-06,0
NSsm4av7AF8_003,579,3.878008101310115e-06,0
NSsm4av7AF8_003,580,2.5022270619956544e-06,0
NSsm4av7AF8_003,581,2.5288195502071176e-06,0
NSsm4av7AF8_003,582,2.250172656204086e-06,0
NSsm4av7AF8_003,583,1.029924419526651e-06,0
NSsm4av7AF8_003,584,8.069589512160746e-07,0
NSsm4av7AF8_003,585,7.772796379867941e-07,0
NSsm4av7AF8_003,586,2.4057444534264505e-06,0
NSsm4av7AF8_003,587,5.838942797709024e-06,0
NSsm4av7AF8_003,588,8.101706043817103e-06,0
NSsm4av7AF8_003,589,1.430749489372829e-05,0
NSsm4av7AF8_003,590,2.616340498207137e-05,0
NSsm4av7AF8_003,591,3.9541220758110285e-05,0
NSsm4av7AF8_003,592,5.903146302443929e-05,0
NSsm4av7AF8_003,593,7.572538743261248e-05,0
NSsm4av7AF8_003,594,7.409587851725519e-05,0
NSsm4av7AF8_003,595,0.0001006636957754,0
NSsm4av7AF8_003,596,0.0001192328272736,0
NSsm4av7AF8_003,597,0.0002397677744738,0
NSsm4av7AF8_003,598,0.0001188985697808,0
NSsm4av7AF8_003,599,5.817309283884242e-05,0
NSsm4av7AF8_003,600,2.5680725229904056e-05,0
NSsm4av7AF8_003,601,1.1900426216016058e-05,0
NSsm4av7AF8_003,602,1.2415496712492312e-05,0
NSsm4av7AF8_003,603,5.184864221519092e-06,0
NSsm4av7AF8_003,604,5.5801956477807835e-06,0
NSsm4av7AF8_003,605,2.776985411401256e-06,0
NSsm4av7AF8_003,606,1.2176476502645528e-06,0
NSsm4av7AF8_003,607,1.078303057511221e-06,0
NSsm4av7AF8_003,608,2.0970946934539825e-07,0
NSsm4av7AF8_003,609,7.2356812097496e-08,0
NSsm4av7AF8_003,610,3.5245673046802046e-08,0
NSsm4av7AF8_003,611,9.897057395846788e-09,0
NSsm4av7AF8_003,612,2.026618428629945e-09,0
NSsm4av7AF8_003,613,1.6068177899342116e-09,0
NSsm4av7AF8_003,614,2.1565096375297803e-09,0
NSsm4av7AF8_003,615,3.2723421750091575e-09,0
NSsm4av7AF8_003,616,7.2777415205393944e-09,0
NSsm4av7AF8_003,617,1.2284239403470565e-08,0
NSsm4av7AF8_003,618,1.9576543053290152e-08,0
NSsm4av7AF8_003,619,4.3724870835148983e-08,0
NSsm4av7AF8_003,620,6.55455991704912e-08,0
NSsm4av7AF8_003,621,7.267603763239094e-08,0
NSsm4av7AF8_003,622,6.659277573817235e-08,0
NSsm4av7AF8_003,623,4.002368214628405e-08,0
NSsm4av7AF8_003,624,4.195790381800179e-08,0
NSsm4av7AF8_003,625,3.8844039096375134e-08,0
NSsm4av7AF8_003,626,3.2769595037507315e-08,0
NSsm4av7AF8_003,627,5.2409724560220645e-08,0
NSsm4av7AF8_003,628,7.45472306107331e-08,0
NSsm4av7AF8_003,629,1.3255760222818938e-07,0
NSsm4av7AF8_003,630,3.5284858768136473e-07,0
NSsm4av7AF8_003,631,8.139096507875365e-07,0
NSsm4av7AF8_003,632,3.1179092729871627e-06,0
NSsm4av7AF8_003,633,1.529634937469382e-05,0
NSsm4av7AF8_003,634,5.693727871403098e-05,0
NSsm4av7AF8_003,635,0.0004493651213124,0
NSsm4av7AF8_003,636,0.0037277864757925,0
NSsm4av7AF8_003,637,0.461721807718277,1
NSsm4av7AF8_003,638,0.9991307854652404,1
NSsm4av7AF8_003,639,0.0780878216028213,0
NSsm4av7AF8_003,640,0.0051176971755921,0
NSsm4av7AF8_003,641,0.0019706187304109,0
NSsm4av7AF8_003,642,0.0001639376569073,0
NSsm4av7AF8_003,643,8.126520697260275e-05,0
NSsm4av7AF8_003,644,0.0001375655265292,0
NSsm4av7AF8_003,645,0.0002426852297503,0
NSsm4av7AF8_003,646,0.0004535184416454,0
NSsm4av7AF8_003,647,0.0016041945200413,0
NSsm4av7AF8_003,648,0.0034454159904271,0
NSsm4av7AF8_003,649,0.0033250483684241,0
NSsm4av7AF8_003,650,0.0031734397634863,0
NSsm4av7AF8_003,651,0.0007623363635502,0
NSsm4av7AF8_003,652,0.000100176941487,0
NSsm4av7AF8_003,653,5.2772662456845865e-05,0
NSsm4av7AF8_003,654,2.713331741688307e-05,0
NSsm4av7AF8_003,655,2.157532981073018e-05,0
NSsm4av7AF8_003,656,1.5098175026651006e-05,0
NSsm4av7AF8_003,657,1.12354073280585e-05,0
NSsm4av7AF8_003,658,1.1239759260206483e-05,0
NSsm4av7AF8_003,659,1.0863865099963732e-05,0
NSsm4av7AF8_003,660,5.8116111176786944e-06,0
NSsm4av7AF8_003,661,5.695927939086687e-06,0
NSsm4av7AF8_003,662,1.0241269592370372e-05,0
NSsm4av7AF8_003,663,1.68231017596554e-05,0
NSsm4av7AF8_003,664,4.2574443796183914e-05,0
NSsm4av7AF8_003,665,2.1777956135338172e-05,0
NSsm4av7AF8_003,666,1.2369441719783936e-05,0
NSsm4av7AF8_003,667,1.3187852346163709e-05,0
NSsm4av7AF8_003,668,1.364855415886268e-05,0
NSsm4av7AF8_003,669,2.5158222342724912e-05,0
NSsm4av7AF8_003,670,2.212436083937064e-05,0
NSsm4av7AF8_003,671,6.451119406847283e-05,0
NSsm4av7AF8_003,672,0.0004820977628696,0
NSsm4av7AF8_003,673,0.001243058941327,0
NSsm4av7AF8_003,674,0.0011785664828494,0
NSsm4av7AF8_003,675,0.0008642609464004,0
NSsm4av7AF8_003,676,0.0022460652980953,0
NSsm4av7AF8_003,677,0.0041569899767637,0
NSsm4av7AF8_003,678,0.0082535184919834,0
NSsm4av7AF8_003,679,0.021268330514431,0
NSsm4av7AF8_003,680,0.0263084974139928,0
NSsm4av7AF8_003,681,0.0632392093539238,0
NSsm4av7AF8_003,682,0.5161753296852112,1
NSsm4av7AF8_003,683,0.958552896976471,1
NSsm4av7AF8_003,684,0.9999998807907104,1
NSsm4av7AF8_003,685,1.0,1
NSsm4av7AF8_003,686,1.0,1
NSsm4av7AF8_003,687,1.0,1
NSsm4av7AF8_003,688,1.0,1
NSsm4av7AF8_003,689,1.0,1
NSsm4av7AF8_003,690,1.0,1
NSsm4av7AF8_003,691,1.0,1
NSsm4av7AF8_003,692,1.0,1
NSsm4av7AF8_003,693,1.0,1
NSsm4av7AF8_003,694,1.0,1
NSsm4av7AF8_003,695,1.0,1
NSsm4av7AF8_003,696,1.0,1
NSsm4av7AF8_003,697,1.0,1
NSsm4av7AF8_003,698,1.0,1
NSsm4av7AF8_003,699,1.0,1
NSsm4av7AF8_003,700,1.0,1
NSsm4av7AF8_003,701,1.0,1
NSsm4av7AF8_003,702,1.0,1
NSsm4av7AF8_003,703,1.0,1
NSsm4av7AF8_003,704,1.0,1
NSsm4av7AF8_003,705,1.0,1
NSsm4av7AF8_003,706,1.0,1
NSsm4av7AF8_003,707,1.0,1
NSsm4av7AF8_003,708,1.0,1
NSsm4av7AF8_003,709,1.0,1
NSsm4av7AF8_003,710,1.0,1
NSsm4av7AF8_003,711,1.0,1
NSsm4av7AF8_003,712,1.0,1
NSsm4av7AF8_003,713,1.0,1
NSsm4av7AF8_003,714,1.0,1
NSsm4av7AF8_003,715,1.0,1
NSsm4av7AF8_003,716,1.0,1
NSsm4av7AF8_003,717,1.0,1
NSsm4av7AF8_003,718,1.0,1
NSsm4av7AF8_003,719,1.0,1
NSsm4av7AF8_003,720,1.0,1
NSsm4av7AF8_003,721,1.0,1
NSsm4av7AF8_003,722,1.0,1
NSsm4av7AF8_003,723,1.0,1
NSsm4av7AF8_003,724,1.0,1
NSsm4av7AF8_003,725,1.0,1
NSsm4av7AF8_003,726,1.0,1
NSsm4av7AF8_003,727,1.0,1
NSsm4av7AF8_003,728,1.0,1
NSsm4av7AF8_003,729,1.0,1
NSsm4av7AF8_003,730,1.0,1
NSsm4av7AF8_003,731,1.0,1
NSsm4av7AF8_003,732,1.0,1
NSsm4av7AF8_003,733,1.0,1
NSsm4av7AF8_003,734,1.0,1
NSsm4av7AF8_003,735,1.0,1
NSsm4av7AF8_003,736,1.0,1
NSsm4av7AF8_003,737,1.0,1
NSsm4av7AF8_003,738,1.0,1
NSsm4av7AF8_003,739,1.0,1
NSsm4av7AF8_003,740,1.0,1
NSsm4av7AF8_003,741,1.0,1
NSsm4av7AF8_003,742,1.0,1
NSsm4av7AF8_003,743,1.0,1
NSsm4av7AF8_003,744,1.0,1
NSsm4av7AF8_003,745,1.0,1
NSsm4av7AF8_003,746,1.0,1
NSsm4av7AF8_003,747,1.0,1
NSsm4av7AF8_003,748,1.0,1
NSsm4av7AF8_003,749,1.0,1
NSsm4av7AF8_003,750,1.0,1
NSsm4av7AF8_003,751,1.0,1
NSsm4av7AF8_003,752,1.0,1
NSsm4av7AF8_003,753,1.0,1
NSsm4av7AF8_003,754,1.0,1
NSsm4av7AF8_003,755,1.0,1
NSsm4av7AF8_003,756,1.0,1
NSsm4av7AF8_003,757,1.0,1
NSsm4av7AF8_003,758,1.0,1
NSsm4av7AF8_003,759,1.0,1
NSsm4av7AF8_003,760,1.0,1
NSsm4av7AF8_003,761,1.0,1
NSsm4av7AF8_003,762,1.0,1
NSsm4av7AF8_003,763,1.0,1
NSsm4av7AF8_003,764,1.0,1
NSsm4av7AF8_003,765,1.0,1
NSsm4av7AF8_003,766,1.0,1
NSsm4av7AF8_003,767,1.0,1
NSsm4av7AF8_003,768,1.0,1
NSsm4av7AF8_003,769,1.0,1
NSsm4av7AF8_003,770,1.0,1
NSsm4av7AF8_003,771,1.0,1
NSsm4av7AF8_003,772,1.0,1
NSsm4av7AF8_003,773,1.0,1
NSsm4av7AF8_003,774,1.0,1
NSsm4av7AF8_003,775,1.0,1
NSsm4av7AF8_003,776,1.0,1
NSsm4av7AF8_003,777,1.0,1
NSsm4av7AF8_003,778,1.0,1
NSsm4av7AF8_003,779,1.0,1
NSsm4av7AF8_003,780,1.0,1
NSsm4av7AF8_003,781,1.0,1
NSsm4av7AF8_003,782,1.0,1
NSsm4av7AF8_003,783,1.0,1
NSsm4av7AF8_003,784,1.0,1
NSsm4av7AF8_003,785,1.0,1
NSsm4av7AF8_003,786,1.0,1
NSsm4av7AF8_003,787,1.0,1
NSsm4av7AF8_003,788,1.0,1
NSsm4av7AF8_003,789,1.0,1
NSsm4av7AF8_003,790,1.0,1
NSsm4av7AF8_003,791,1.0,1
NSsm4av7AF8_003,792,1.0,1
NSsm4av7AF8_003,793,1.0,1
NSsm4av7AF8_003,794,1.0,1
NSsm4av7AF8_003,795,1.0,1
NSsm4av7AF8_003,796,1.0,1
NSsm4av7AF8_003,797,1.0,1
NSsm4av7AF8_003,798,1.0,1
NSsm4av7AF8_003,799,1.0,1
NSsm4av7AF8_003,800,1.0,1
NSsm4av7AF8_003,801,1.0,1
NSsm4av7AF8_003,802,1.0,1
NSsm4av7AF8_003,803,1.0,1
NSsm4av7AF8_003,804,1.0,1
NSsm4av7AF8_003,805,1.0,1
NSsm4av7AF8_003,806,1.0,1
NSsm4av7AF8_003,807,1.0,1
NSsm4av7AF8_003,808,1.0,1
NSsm4av7AF8_003,809,1.0,1
NSsm4av7AF8_003,810,1.0,1
NSsm4av7AF8_003,811,1.0,1
NSsm4av7AF8_003,812,1.0,1
NSsm4av7AF8_003,813,1.0,1
NSsm4av7AF8_003,814,1.0,1
NSsm4av7AF8_003,815,1.0,1
NSsm4av7AF8_003,816,1.0,1
NSsm4av7AF8_003,817,1.0,1
NSsm4av7AF8_003,818,1.0,1
NSsm4av7AF8_003,819,1.0,1
NSsm4av7AF8_003,820,1.0,1
NSsm4av7AF8_003,821,1.0,1
NSsm4av7AF8_003,822,1.0,1
NSsm4av7AF8_003,823,1.0,1
NSsm4av7AF8_003,824,1.0,1
NSsm4av7AF8_003,825,1.0,1
NSsm4av7AF8_003,826,1.0,1
NSsm4av7AF8_003,827,1.0,1
NSsm4av7AF8_003,828,1.0,1
NSsm4av7AF8_003,829,1.0,1
NSsm4av7AF8_003,830,1.0,1
NSsm4av7AF8_003,831,1.0,1
NSsm4av7AF8_003,832,1.0,1
NSsm4av7AF8_003,833,1.0,1
NSsm4av7AF8_003,834,1.0,1
NSsm4av7AF8_003,835,1.0,1
NSsm4av7AF8_003,836,1.0,1
NSsm4av7AF8_003,837,1.0,1
NSsm4av7AF8_003,838,1.0,1
NSsm4av7AF8_003,839,1.0,1
NSsm4av7AF8_003,840,1.0,1
NSsm4av7AF8_003,841,1.0,1
NSsm4av7AF8_003,842,1.0,1
NSsm4av7AF8_003,843,1.0,1
NSsm4av7AF8_003,844,1.0,1
NSsm4av7AF8_003,845,1.0,1
NSsm4av7AF8_003,846,1.0,1
NSsm4av7AF8_003,847,1.0,1
NSsm4av7AF8_003,848,1.0,1
NSsm4av7AF8_003,849,1.0,1
NSsm4av7AF8_003,850,1.0,1
NSsm4av7AF8_003,851,1.0,1
NSsm4av7AF8_003,852,1.0,1
NSsm4av7AF8_003,853,1.0,1
NSsm4av7AF8_003,854,1.0,1
NSsm4av7AF8_003,855,1.0,1
NSsm4av7AF8_003,856,1.0,1
NSsm4av7AF8_003,857,1.0,1
NSsm4av7AF8_003,858,1.0,1
NSsm4av7AF8_003,859,1.0,1
NSsm4av7AF8_003,860,1.0,1
NSsm4av7AF8_003,861,1.0,1
NSsm4av7AF8_003,862,1.0,1
NSsm4av7AF8_003,863,1.0,1
NSsm4av7AF8_003,864,1.0,1
NSsm4av7AF8_003,865,1.0,1
NSsm4av7AF8_003,866,1.0,1
NSsm4av7AF8_003,867,1.0,1
NSsm4av7AF8_003,868,1.0,1
NSsm4av7AF8_003,869,1.0,1
NSsm4av7AF8_003,870,1.0,1
NSsm4av7AF8_003,871,1.0,1
NSsm4av7AF8_003,872,1.0,1
NSsm4av7AF8_003,873,1.0,1
NSsm4av7AF8_003,874,1.0,1
NSsm4av7AF8_003,875,1.0,1
NSsm4av7AF8_003,876,1.0,1
NSsm4av7AF8_003,877,1.0,1
NSsm4av7AF8_003,878,1.0,1
NSsm4av7AF8_003,879,1.0,1
NSsm4av7AF8_003,880,1.0,1
NSsm4av7AF8_003,881,1.0,1
NSsm4av7AF8_003,882,1.0,1
NSsm4av7AF8_003,883,1.0,1
NSsm4av7AF8_003,884,1.0,1
NSsm4av7AF8_003,885,1.0,1
NSsm4av7AF8_003,886,1.0,1
NSsm4av7AF8_003,887,1.0,1
NSsm4av7AF8_003,888,1.0,1
NSsm4av7AF8_003,889,1.0,1
NSsm4av7AF8_003,890,1.0,1
NSsm4av7AF8_003,891,1.0,1
NSsm4av7AF8_003,892,1.0,1
NSsm4av7AF8_003,893,1.0,1
NSsm4av7AF8_003,894,1.0,1
NSsm4av7AF8_003,895,1.0,1
NSsm4av7AF8_003,896,1.0,1
NSsm4av7AF8_003,897,1.0,1
NSsm4av7AF8_003,898,1.0,1
NSsm4av7AF8_003,899,1.0,1
NSsm4av7AF8_003,900,1.0,1
NSsm4av7AF8_003,901,1.0,1
NSsm4av7AF8_003,902,1.0,1
NSsm4av7AF8_003,903,1.0,1
NSsm4av7AF8_003,904,1.0,1
NSsm4av7AF8_003,905,1.0,1
NSsm4av7AF8_003,906,1.0,1
NSsm4av7AF8_003,907,1.0,1
NSsm4av7AF8_003,908,0.9999997615814208,1
NSsm4av7AF8_003,909,1.0,1
NSsm4av7AF8_003,910,0.9999994039535522,1
NSsm4av7AF8_003,911,0.999997615814209,1
NSsm4av7AF8_003,912,0.9999983310699464,1
NSsm4av7AF8_003,913,1.0,1
NSsm4av7AF8_003,914,1.0,1
NSsm4av7AF8_003,915,1.0,1
NSsm4av7AF8_003,916,1.0,1
NSsm4av7AF8_003,917,1.0,1
NSsm4av7AF8_003,918,1.0,1
NSsm4av7AF8_003,919,1.0,1
NSsm4av7AF8_003,920,1.0,1
NSsm4av7AF8_003,921,1.0,1
NSsm4av7AF8_003,922,1.0,1
NSsm4av7AF8_003,923,1.0,1
NSsm4av7AF8_003,924,1.0,1
NSsm4av7AF8_003,925,1.0,1
NSsm4av7AF8_003,926,1.0,1
NSsm4av7AF8_003,927,1.0,1
NSsm4av7AF8_003,928,1.0,1
NSsm4av7AF8_003,929,1.0,1
NSsm4av7AF8_003,930,1.0,1
NSsm4av7AF8_003,931,1.0,1
NSsm4av7AF8_003,932,1.0,1
NSsm4av7AF8_003,933,1.0,1
NSsm4av7AF8_003,934,1.0,1
NSsm4av7AF8_003,935,1.0,1
NSsm4av7AF8_003,936,1.0,1
NSsm4av7AF8_003,937,1.0,1
NSsm4av7AF8_003,938,1.0,1
NSsm4av7AF8_003,939,1.0,1
NSsm4av7AF8_003,940,1.0,1
NSsm4av7AF8_003,941,1.0,1
NSsm4av7AF8_003,942,1.0,1
NSsm4av7AF8_003,943,1.0,1
NSsm4av7AF8_003,944,0.9999996423721312,1
NSsm4av7AF8_003,945,0.9999991655349731,1
NSsm4av7AF8_003,946,0.9999982118606568,1
NSsm4av7AF8_003,947,0.9999927282333374,1
NSsm4av7AF8_003,948,0.9999889135360718,1
NSsm4av7AF8_003,949,0.999991774559021,1
NSsm4av7AF8_003,950,0.9999972581863404,1
NSsm4av7AF8_003,951,1.0,1
NSsm4av7AF8_003,952,1.0,1
NSsm4av7AF8_003,953,1.0,1
NSsm4av7AF8_003,954,1.0,1
NSsm4av7AF8_003,955,1.0,1
NSsm4av7AF8_003,956,1.0,1
NSsm4av7AF8_003,957,1.0,1
NSsm4av7AF8_003,958,1.0,1
NSsm4av7AF8_003,959,1.0,1
NSsm4av7AF8_003,960,1.0,1
NSsm4av7AF8_003,961,1.0,1
NSsm4av7AF8_003,962,1.0,1
NSsm4av7AF8_003,963,1.0,1
NSsm4av7AF8_003,964,1.0,1
NSsm4av7AF8_003,965,1.0,1
NSsm4av7AF8_003,966,1.0,1
NSsm4av7AF8_003,967,1.0,1
NSsm4av7AF8_003,968,1.0,1
NSsm4av7AF8_003,969,1.0,1
NSsm4av7AF8_003,970,1.0,1
NSsm4av7AF8_003,971,1.0,1
NSsm4av7AF8_003,972,1.0,1
NSsm4av7AF8_003,973,1.0,1
NSsm4av7AF8_003,974,1.0,1
NSsm4av7AF8_003,975,1.0,1
NSsm4av7AF8_003,976,1.0,1
NSsm4av7AF8_003,977,1.0,1
NSsm4av7AF8_003,978,1.0,1
NSsm4av7AF8_003,979,1.0,1
NSsm4av7AF8_003,980,1.0,1
NSsm4av7AF8_003,981,1.0,1
NSsm4av7AF8_003,982,1.0,1
NSsm4av7AF8_003,983,1.0,1
NSsm4av7AF8_003,984,1.0,1
NSsm4av7AF8_003,985,1.0,1
NSsm4av7AF8_003,986,1.0,1
NSsm4av7AF8_003,987,1.0,1
NSsm4av7AF8_003,988,1.0,1
NSsm4av7AF8_003,989,1.0,1
NSsm4av7AF8_003,990,1.0,1
NSsm4av7AF8_003,991,1.0,1
NSsm4av7AF8_003,992,1.0,1
NSsm4av7AF8_003,993,1.0,1
NSsm4av7AF8_003,994,1.0,1
NSsm4av7AF8_003,995,1.0,1
NSsm4av7AF8_003,996,1.0,1
NSsm4av7AF8_003,997,1.0,1
NSsm4av7AF8_003,998,1.0,1
NSsm4av7AF8_003,999,1.0,1
NSsm4av7AF8_003,1000,1.0,1
NSsm4av7AF8_003,1001,1.0,1
NSsm4av7AF8_003,1002,1.0,1
NSsm4av7AF8_003,1003,1.0,1
NSsm4av7AF8_003,1004,1.0,1
NSsm4av7AF8_003,1005,1.0,1
NSsm4av7AF8_003,1006,1.0,1
NSsm4av7AF8_003,1007,1.0,1
NSsm4av7AF8_003,1008,1.0,1
NSsm4av7AF8_003,1009,1.0,1
NSsm4av7AF8_003,1010,1.0,1
NSsm4av7AF8_003,1011,1.0,1
NSsm4av7AF8_003,1012,1.0,1
NSsm4av7AF8_003,1013,1.0,1
NSsm4av7AF8_003,1014,1.0,1
NSsm4av7AF8_003,1015,1.0,1
NSsm4av7AF8_003,1016,1.0,1
NSsm4av7AF8_003,1017,1.0,1
NSsm4av7AF8_003,1018,1.0,1
NSsm4av7AF8_003,1019,1.0,1
NSsm4av7AF8_003,1020,1.0,1
NSsm4av7AF8_003,1021,1.0,1
NSsm4av7AF8_003,1022,1.0,1
NSsm4av7AF8_003,1023,1.0,1
NSsm4av7AF8_003,1024,1.0,1
NSsm4av7AF8_003,1025,1.0,1
NSsm4av7AF8_003,1026,1.0,1
NSsm4av7AF8_003,1027,1.0,1
NSsm4av7AF8_003,1028,1.0,1
NSsm4av7AF8_003,1029,0.9999998807907104,1
NSsm4av7AF8_003,1030,0.9999996423721312,1
NSsm4av7AF8_003,1031,0.99998939037323,1
NSsm4av7AF8_003,1032,0.9967405200004578,1
NSsm4av7AF8_003,1033,0.3148975968360901,0
NSsm4av7AF8_003,1034,0.0223027002066373,0
NSsm4av7AF8_003,1035,0.0095938630402088,0
NSsm4av7AF8_003,1036,0.0159657951444387,0
NSsm4av7AF8_003,1037,0.0326804593205452,0
NSsm4av7AF8_003,1038,0.0581440664827823,0
NSsm4av7AF8_003,1039,0.0855327025055885,0
NSsm4av7AF8_003,1040,0.1607138961553573,0
NSsm4av7AF8_003,1041,0.1960933655500412,0
NSsm4av7AF8_003,1042,0.5245934128761292,1
NSsm4av7AF8_003,1043,0.9530085325241088,1
NSsm4av7AF8_003,1044,0.9990105628967284,1
NSsm4av7AF8_003,1045,0.999997615814209,1
NSsm4av7AF8_003,1046,0.9999995231628418,1
NSsm4av7AF8_003,1047,1.0,1
NSsm4av7AF8_003,1048,1.0,1
NSsm4av7AF8_003,1049,1.0,1
NSsm4av7AF8_003,1050,1.0,1
NSsm4av7AF8_003,1051,1.0,1
NSsm4av7AF8_003,1052,1.0,1
NSsm4av7AF8_003,1053,1.0,1
NSsm4av7AF8_003,1054,1.0,1
NSsm4av7AF8_003,1055,1.0,1
NSsm4av7AF8_003,1056,1.0,1
NSsm4av7AF8_003,1057,1.0,1
NSsm4av7AF8_003,1058,1.0,1
NSsm4av7AF8_003,1059,1.0,1
NSsm4av7AF8_003,1060,1.0,1
NSsm4av7AF8_003,1061,1.0,1
NSsm4av7AF8_003,1062,1.0,1
NSsm4av7AF8_003,1063,1.0,1
NSsm4av7AF8_003,1064,1.0,1
NSsm4av7AF8_003,1065,0.9999996423721312,1
NSsm4av7AF8_003,1066,0.999996781349182,1
NSsm4av7AF8_003,1067,0.9999619722366332,1
NSsm4av7AF8_003,1068,0.9999191761016846,1
NSsm4av7AF8_003,1069,0.9995040893554688,1
NSsm4av7AF8_003,1070,0.9989041090011596,1
NSsm4av7AF8_003,1071,0.9971725940704346,1
NSsm4av7AF8_003,1072,0.9797300100326538,1
NSsm4av7AF8_003,1073,0.8822640180587769,1
NSsm4av7AF8_003,1074,0.8490551710128784,1
NSsm4av7AF8_003,1075,0.8425388336181641,1
NSsm4av7AF8_003,1076,0.870566189289093,1
NSsm4av7AF8_003,1077,0.9438347816467284,1
NSsm4av7AF8_003,1078,0.9631558656692504,1
NSsm4av7AF8_003,1079,0.9881904125213624,1
NSsm4av7AF8_003,1080,0.9885518550872804,1
NSsm4av7AF8_003,1081,0.9869563579559326,1
NSsm4av7AF8_003,1082,0.9829948544502258,1
NSsm4av7AF8_003,1083,0.973886013031006,1
NSsm4av7AF8_003,1084,0.9592586159706116,1
NSsm4av7AF8_003,1085,0.9312801957130432,1
NSsm4av7AF8_003,1086,0.8899499773979187,1
NSsm4av7AF8_003,1087,0.7418668866157532,1
NSsm4av7AF8_003,1088,0.6889338493347168,1
NSsm4av7AF8_003,1089,0.5749257206916809,1
NSsm4av7AF8_003,1090,0.5152801871299744,1
NSsm4av7AF8_003,1091,0.6408717036247253,1
NSsm4av7AF8_003,1092,0.9645686149597168,1
NSsm4av7AF8_003,1093,0.9999927282333374,1
NSsm4av7AF8_003,1094,1.0,1
NSsm4av7AF8_003,1095,1.0,1
NSsm4av7AF8_003,1096,1.0,1
NSsm4av7AF8_003,1097,1.0,1
NSsm4av7AF8_003,1098,1.0,1
NSsm4av7AF8_003,1099,1.0,1
NSsm4av7AF8_003,1100,0.9999984502792358,1
NSsm4av7AF8_003,1101,0.9999158382415771,1
NSsm4av7AF8_003,1102,1.0,1
NSsm4av7AF8_003,1103,1.0,1
NSsm4av7AF8_003,1104,1.0,1
NSsm4av7AF8_003,1105,1.0,1
NSsm4av7AF8_003,1106,1.0,1
NSsm4av7AF8_003,1107,1.0,1
NSsm4av7AF8_003,1108,1.0,1
NSsm4av7AF8_003,1109,1.0,1
NSsm4av7AF8_003,1110,1.0,1
NSsm4av7AF8_003,1111,1.0,1
NSsm4av7AF8_003,1112,1.0,1
NSsm4av7AF8_003,1113,1.0,1
NSsm4av7AF8_003,1114,1.0,1
NSsm4av7AF8_003,1115,1.0,1
NSsm4av7AF8_003,1116,1.0,1
NSsm4av7AF8_003,1117,1.0,1
NSsm4av7AF8_003,1118,1.0,1
NSsm4av7AF8_003,1119,1.0,1
NSsm4av7AF8_003,1120,1.0,1
NSsm4av7AF8_003,1121,1.0,1
NSsm4av7AF8_003,1122,1.0,1
NSsm4av7AF8_003,1123,1.0,1
NSsm4av7AF8_003,1124,1.0,1
NSsm4av7AF8_003,1125,1.0,1
NSsm4av7AF8_003,1126,1.0,1
NSsm4av7AF8_003,1127,1.0,1
NSsm4av7AF8_003,1128,1.0,1
NSsm4av7AF8_003,1129,1.0,1
NSsm4av7AF8_003,1130,1.0,1
NSsm4av7AF8_003,1131,1.0,1
NSsm4av7AF8_003,1132,1.0,1
NSsm4av7AF8_003,1133,1.0,1
NSsm4av7AF8_003,1134,1.0,1
NSsm4av7AF8_003,1135,1.0,1
NSsm4av7AF8_003,1136,1.0,1
NSsm4av7AF8_003,1137,1.0,1
NSsm4av7AF8_003,1138,1.0,1
NSsm4av7AF8_003,1139,1.0,1
NSsm4av7AF8_003,1140,1.0,1
NSsm4av7AF8_003,1141,1.0,1
NSsm4av7AF8_003,1142,1.0,1
NSsm4av7AF8_003,1143,1.0,1
NSsm4av7AF8_003,1144,1.0,1
NSsm4av7AF8_003,1145,1.0,1
NSsm4av7AF8_003,1146,1.0,1
NSsm4av7AF8_003,1147,1.0,1
NSsm4av7AF8_003,1148,1.0,1
NSsm4av7AF8_003,1149,0.9999998807907104,1
NSsm4av7AF8_003,1150,0.9999998807907104,1
NSsm4av7AF8_003,1151,0.9999998807907104,1
NSsm4av7AF8_003,1152,0.9999997615814208,1
NSsm4av7AF8_003,1153,0.9999997615814208,1
NSsm4av7AF8_003,1154,0.9999998807907104,1
NSsm4av7AF8_003,1155,0.9999998807907104,1
NSsm4av7AF8_003,1156,0.9999998807907104,1
NSsm4av7AF8_003,1157,0.9999998807907104,1
NSsm4av7AF8_003,1158,0.9999998807907104,1
NSsm4av7AF8_003,1159,0.9999998807907104,1
NSsm4av7AF8_003,1160,1.0,1
NSsm4av7AF8_003,1161,1.0,1
NSsm4av7AF8_003,1162,1.0,1
NSsm4av7AF8_003,1163,1.0,1
NSsm4av7AF8_003,1164,1.0,1
NSsm4av7AF8_003,1165,1.0,1
NSsm4av7AF8_003,1166,1.0,1
NSsm4av7AF8_003,1167,1.0,1
NSsm4av7AF8_003,1168,1.0,1
NSsm4av7AF8_003,1169,1.0,1
NSsm4av7AF8_003,1170,1.0,1
NSsm4av7AF8_003,1171,1.0,1
NSsm4av7AF8_003,1172,1.0,1
NSsm4av7AF8_003,1173,1.0,1
NSsm4av7AF8_003,1174,1.0,1
NSsm4av7AF8_003,1175,1.0,1
NSsm4av7AF8_003,1176,1.0,1
NSsm4av7AF8_003,1177,1.0,1
NSsm4av7AF8_003,1178,1.0,1
NSsm4av7AF8_003,1179,1.0,1
NSsm4av7AF8_003,1180,1.0,1
NSsm4av7AF8_003,1181,1.0,1
NSsm4av7AF8_003,1182,1.0,1
NSsm4av7AF8_003,1183,0.9999998807907104,1
NSsm4av7AF8_003,1184,0.9999988079071044,1
NSsm4av7AF8_003,1185,0.9999984502792358,1
NSsm4av7AF8_003,1186,0.9999985694885254,1
NSsm4av7AF8_003,1187,0.999997615814209,1
NSsm4av7AF8_003,1188,0.9999899864196776,1
NSsm4av7AF8_003,1189,0.9999860525131226,1
NSsm4av7AF8_003,1190,0.9999881982803344,1
NSsm4av7AF8_003,1191,0.9999332427978516,1
NSsm4av7AF8_003,1192,0.9999170303344728,1
NSsm4av7AF8_003,1193,0.999785840511322,1
NSsm4av7AF8_003,1194,0.9995682835578918,1
NSsm4av7AF8_003,1195,0.9992546439170836,1
NSsm4av7AF8_003,1196,0.9974251985549928,1
NSsm4av7AF8_003,1197,0.9880218505859376,1
NSsm4av7AF8_003,1198,0.960106611251831,1
NSsm4av7AF8_003,1199,0.8055232763290405,1
NSsm4av7AF8_003,1200,0.4551930129528045,1
NSsm4av7AF8_003,1201,0.3346852660179138,0
NSsm4av7AF8_003,1202,0.1651710867881775,0
NSsm4av7AF8_003,1203,0.065497800707817,0
NSsm4av7AF8_003,1204,0.0514077544212341,0
NSsm4av7AF8_003,1205,0.0392546579241752,0
NSsm4av7AF8_003,1206,0.0092138266190886,0
NSsm4av7AF8_003,1207,0.0027544165495783,0
NSsm4av7AF8_003,1208,0.0023938161320984,0
NSsm4av7AF8_003,1209,0.0006461275042966,0
NSsm4av7AF8_003,1210,0.0004257428809069,0
NSsm4av7AF8_003,1211,0.0001148176961578,0
NSsm4av7AF8_003,1212,5.589515421888791e-05,0
NSsm4av7AF8_003,1213,2.176304769818671e-05,0
NSsm4av7AF8_003,1214,1.3169275916879997e-05,0
NSsm4av7AF8_003,1215,7.81386097514769e-06,0
NSsm4av7AF8_003,1216,5.026599410484778e-06,0
NSsm4av7AF8_003,1217,3.4456945741112577e-06,0
NSsm4av7AF8_003,1218,3.051448402402457e-06,0
NSsm4av7AF8_003,1219,3.79871244149399e-06,0
NSsm4av7AF8_003,1220,5.391960257838946e-06,0
NSsm4av7AF8_003,1221,7.1815338742453605e-06,0
NSsm4av7AF8_003,1222,7.5626721809385344e-06,0
NSsm4av7AF8_003,1223,1.02668309409637e-05,0
NSsm4av7AF8_003,1224,1.2441050785128027e-05,0
NSsm4av7AF8_003,1225,1.1498533240228426e-05,0
NSsm4av7AF8_003,1226,1.3143354408384766e-05,0
NSsm4av7AF8_003,1227,1.1951219676120672e-05,0
NSsm4av7AF8_003,1228,7.88894703873666e-06,0
NSsm4av7AF8_003,1229,5.77715127292322e-06,0
NSsm4av7AF8_003,1230,3.392067355889594e-06,0
NSsm4av7AF8_003,1231,3.027566208402277e-06,0
NSsm4av7AF8_003,1232,2.357160519750323e-05,0
NSsm4av7AF8_003,1233,0.0025743185542523,0
NSsm4av7AF8_003,1234,0.0398926250636577,0
NSsm4av7AF8_003,1235,0.0148496758192777,0
NSsm4av7AF8_003,1236,0.025535674765706,0
NSsm4av7AF8_003,1237,0.1472164541482925,0
NSsm4av7AF8_003,1238,0.3146522045135498,0
NSsm4av7AF8_003,1239,0.4172592461109161,1
NSsm4av7AF8_003,1240,0.9183762073516846,1
NSsm4av7AF8_003,1241,0.8875011801719666,1
NSsm4av7AF8_003,1242,0.8511850237846375,1
NSsm4av7AF8_003,1243,0.9650864005088806,1
NSsm4av7AF8_003,1244,0.8750172853469849,1
NSsm4av7AF8_003,1245,0.926924169063568,1
NSsm4av7AF8_003,1246,0.9796122908592224,1
NSsm4av7AF8_003,1247,0.9629321098327636,1
NSsm4av7AF8_003,1248,0.8878986239433289,1
NSsm4av7AF8_003,1249,0.4262441396713257,1
NSsm4av7AF8_003,1250,0.147561028599739,0
NSsm4av7AF8_003,1251,0.1003273129463195,0
NSsm4av7AF8_003,1252,0.0343906842172145,0
NSsm4av7AF8_003,1253,0.001854064175859,0
NSsm4av7AF8_003,1254,0.0003433167003095,0
NSsm4av7AF8_003,1255,6.978819874348119e-05,0
NSsm4av7AF8_003,1256,5.266326843411662e-05,0
NSsm4av7AF8_003,1257,4.019825064460747e-05,0
NSsm4av7AF8_003,1258,0.0001449947594664,0
NSsm4av7AF8_003,1259,0.0005548848421312,0
NSsm4av7AF8_003,1260,0.002633043564856,0
NSsm4av7AF8_003,1261,0.0100242691114544,0
NSsm4av7AF8_003,1262,0.0125659303739666,0
NSsm4av7AF8_003,1263,0.0087151732295751,0
NSsm4av7AF8_003,1264,0.0073474608361721,0
NSsm4av7AF8_003,1265,0.0030547829810529,0
NSsm4av7AF8_003,1266,0.0004947592969983,0
NSsm4av7AF8_003,1267,0.0001489012211095,0
NSsm4av7AF8_003,1268,3.45257249136921e-05,0
NSsm4av7AF8_003,1269,1.1019999874406494e-05,0
NSsm4av7AF8_003,1270,1.0614231541694608e-05,0
NSsm4av7AF8_003,1271,7.948401616886258e-06,0
NSsm4av7AF8_003,1272,6.079662398406072e-06,0
NSsm4av7AF8_003,1273,7.556559467047919e-06,0
NSsm4av7AF8_003,1274,3.98078827856807e-06,0
NSsm4av7AF8_003,1275,1.8308827520741031e-06,0
NSsm4av7AF8_003,1276,1.430707129657094e-06,0
NSsm4av7AF8_003,1277,2.96744542538363e-06,0
NSsm4av7AF8_003,1278,3.877708422805881e-06,0
NSsm4av7AF8_003,1279,3.6175745208311127e-06,0
NSsm4av7AF8_003,1280,2.2503443233290454e-06,0
NSsm4av7AF8_003,1281,7.926645366751472e-07,0
NSsm4av7AF8_003,1282,2.412783715044498e-07,0
NSsm4av7AF8_003,1283,1.2107220754842274e-06,0
NSsm4av7AF8_003,1284,6.588647465832764e-06,0
NSsm4av7AF8_003,1285,1.4428814210987184e-05,0
NSsm4av7AF8_003,1286,1.815296673157718e-05,0
NSsm4av7AF8_003,1287,3.326116711832583e-05,0
NSsm4av7AF8_003,1288,2.0368466721265577e-05,0
NSsm4av7AF8_003,1289,3.500268212519586e-05,0
NSsm4av7AF8_003,1290,4.073289528605528e-05,0
NSsm4av7AF8_003,1291,4.625314977602102e-05,0
NSsm4av7AF8_003,1292,2.665068495844025e-05,0
NSsm4av7AF8_003,1293,1.5942001482471824e-05,0
NSsm4av7AF8_003,1294,4.755814188683871e-06,0
NSsm4av7AF8_003,1295,2.2351414372678846e-06,0
NSsm4av7AF8_003,1296,1.091725607693661e-06,0
NSsm4av7AF8_003,1297,6.089894100114179e-07,0
NSsm4av7AF8_003,1298,9.063223274097254e-07,0
NSsm4av7AF8_003,1299,5.177479351914371e-07,0
NSsm4av7AF8_003,1300,6.27146846454707e-07,0
NSsm4av7AF8_003,1301,1.1688001677612192e-06,0
NSsm4av7AF8_003,1302,1.083976940208231e-06,0
NSsm4av7AF8_003,1303,6.484970640485699e-07,0
NSsm4av7AF8_003,1304,4.439527003796684e-07,0
NSsm4av7AF8_003,1305,8.214315982968402e-08,0
NSsm4av7AF8_003,1306,4.3874660349274563e-08,0
NSsm4av7AF8_003,1307,3.9275988683584735e-08,0
NSsm4av7AF8_003,1308,2.6857666313162554e-08,0
NSsm4av7AF8_003,1309,1.2770665414052472e-08,0
NSsm4av7AF8_003,1310,4.470305459136625e-09,0
NSsm4av7AF8_003,1311,3.752897104192243e-09,0
NSsm4av7AF8_003,1312,2.8376101468552406e-09,0
NSsm4av7AF8_003,1313,3.034664519674379e-09,0
NSsm4av7AF8_003,1314,2.5507154166604096e-09,0
NSsm4av7AF8_003,1315,2.208083493826507e-09,0
NSsm4av7AF8_003,1316,2.807232446500052e-09,0
NSsm4av7AF8_003,1317,4.0517624810831884e-09,0
NSsm4av7AF8_003,1318,3.201969356325662e-09,0
NSsm4av7AF8_003,1319,2.9569240389548664e-09,0
NSsm4av7AF8_003,1320,4.406005338353225e-09,0
NSsm4av7AF8_003,1321,7.074753671787448e-09,0
NSsm4av7AF8_003,1322,7.0875709745621415e-09,0
NSsm4av7AF8_003,1323,1.0760194513181888e-08,0
NSsm4av7AF8_003,1324,1.104694735687417e-08,0
NSsm4av7AF8_003,1325,1.4628576572306429e-08,0
NSsm4av7AF8_003,1326,1.5759804128379074e-08,0
NSsm4av7AF8_003,1327,4.6166466205477263e-08,0
NSsm4av7AF8_003,1328,6.90309747142237e-08,0
NSsm4av7AF8_003,1329,2.351400354427824e-07,0
NSsm4av7AF8_003,1330,5.632790021081746e-07,0
NSsm4av7AF8_003,1331,1.255825509360875e-06,0
NSsm4av7AF8_003,1332,6.241504024728783e-07,0
NSsm4av7AF8_003,1333,1.7489360004674381e-07,0
NSsm4av7AF8_003,1334,9.17291131941056e-08,0
NSsm4av7AF8_003,1335,5.146587156446004e-08,0
NSsm4av7AF8_003,1336,2.7156742632428177e-08,0
NSsm4av7AF8_003,1337,2.4378925544965572e-08,0
NSsm4av7AF8_003,1338,2.7228265864209792e-08,0
NSsm4av7AF8_003,1339,2.8417984410111785e-08,0
NSsm4av7AF8_003,1340,2.2293239254622677e-08,0
NSsm4av7AF8_003,1341,1.649733682995702e-08,0
NSsm4av7AF8_003,1342,1.3603588477906214e-08,0
NSsm4av7AF8_003,1343,1.0286404616977052e-08,0
NSsm4av7AF8_003,1344,9.409137469162944e-09,0
NSsm4av7AF8_003,1345,1.1315261616573481e-08,0
NSsm4av7AF8_003,1346,8.576502175117184e-09,0
NSsm4av7AF8_003,1347,8.948002339081995e-09,0
NSsm4av7AF8_003,1348,6.177940381490998e-09,0
NSsm4av7AF8_003,1349,4.598908365238685e-09,0
NSsm4av7AF8_003,1350,3.165099959900885e-09,0
NSsm4av7AF8_003,1351,2.5550783711025815e-09,0
NSsm4av7AF8_003,1352,2.0021901914191176e-09,0
NSsm4av7AF8_003,1353,1.087262613275186e-09,0
NSsm4av7AF8_003,1354,7.900436416186095e-10,0
NSsm4av7AF8_003,1355,1.0591630905665284e-09,0
NSsm4av7AF8_003,1356,8.158145270442673e-10,0
NSsm4av7AF8_003,1357,5.913384781841556e-10,0
NSsm4av7AF8_003,1358,6.386337569885825e-10,0
NSsm4av7AF8_003,1359,7.55726425882841e-10,0
NSsm4av7AF8_003,1360,1.244198633010285e-09,0
NSsm4av7AF8_003,1361,1.318987252751924e-09,0
NSsm4av7AF8_003,1362,2.2748927186455603e-09,0
NSsm4av7AF8_003,1363,1.5851018275725435e-09,0
NSsm4av7AF8_003,1364,1.2420315886885192e-09,0
NSsm4av7AF8_003,1365,6.657226991890751e-10,0
NSsm4av7AF8_003,1366,6.291549503600891e-10,0
NSsm4av7AF8_003,1367,7.28844817832197e-10,0
NSsm4av7AF8_003,1368,1.604196442350769e-09,0
NSsm4av7AF8_003,1369,4.876882453430653e-09,0
NSsm4av7AF8_003,1370,9.402534750790892e-09,0
NSsm4av7AF8_003,1371,1.9321362287882948e-08,0
NSsm4av7AF8_003,1372,3.2247832848497644e-08,0
NSsm4av7AF8_003,1373,5.033767536133382e-08,0
NSsm4av7AF8_003,1374,4.5566331152713246e-08,0
NSsm4av7AF8_003,1375,5.5329735459963565e-08,0
NSsm4av7AF8_003,1376,6.516353323604562e-08,0
NSsm4av7AF8_003,1377,8.087982195092992e-08,0
NSsm4av7AF8_003,1378,1.224405821176333e-07,0
NSsm4av7AF8_003,1379,1.402353575485904e-07,0
NSsm4av7AF8_003,1380,5.475672892885086e-08,0
NSsm4av7AF8_003,1381,3.178337948384069e-08,0
NSsm4av7AF8_003,1382,1.7954784325979745e-08,0
NSsm4av7AF8_003,1383,9.360467068120217e-09,0
NSsm4av7AF8_003,1384,7.220182229872307e-09,0
NSsm4av7AF8_003,1385,7.738682583635637e-09,0
NSsm4av7AF8_003,1386,7.498213605572346e-09,0
NSsm4av7AF8_003,1387,8.016807662158953e-09,0
NSsm4av7AF8_003,1388,5.97457505691068e-09,0
NSsm4av7AF8_003,1389,3.1841795866682787e-09,0
NSsm4av7AF8_003,1390,1.9194226208441023e-09,0
NSsm4av7AF8_003,1391,1.5754927362721103e-09,0
NSsm4av7AF8_003,1392,9.455115579370954e-10,0
NSsm4av7AF8_003,1393,9.198290462641977e-10,0
NSsm4av7AF8_003,1394,8.59237958561465e-10,0
NSsm4av7AF8_003,1395,1.1466337879184607e-09,0
NSsm4av7AF8_003,1396,9.621650143287752e-10,0
NSsm4av7AF8_003,1397,9.054959004828331e-10,0
NSsm4av7AF8_003,1398,9.103723885850456e-10,0
NSsm4av7AF8_003,1399,9.946292678364443e-10,0
NSsm4av7AF8_003,1400,1.4721778240911474e-09,0
NSsm4av7AF8_003,1401,2.4205024651280382e-09,0
NSsm4av7AF8_003,1402,3.6890590582316918e-09,0
NSsm4av7AF8_003,1403,6.1182410249216446e-09,0
NSsm4av7AF8_003,1404,8.424183128852292e-09,0
NSsm4av7AF8_003,1405,1.0870163436038638e-08,0
NSsm4av7AF8_003,1406,9.300989312066577e-09,0
NSsm4av7AF8_003,1407,6.961351051160136e-09,0
NSsm4av7AF8_003,1408,7.485781772231803e-09,0
NSsm4av7AF8_003,1409,7.938051993505724e-09,0
NSsm4av7AF8_003,1410,1.0964032348681483e-08,0
NSsm4av7AF8_003,1411,1.3407098542472797e-08,0
NSsm4av7AF8_003,1412,1.6147421177947763e-08,0
NSsm4av7AF8_003,1413,1.4197851783137594e-08,0
NSsm4av7AF8_003,1414,9.865375183437664e-09,0
NSsm4av7AF8_003,1415,9.843929227315584e-09,0
NSsm4av7AF8_003,1416,1.1146933154293492e-08,0
NSsm4av7AF8_003,1417,1.2339613775225189e-08,0
NSsm4av7AF8_003,1418,1.1220033790948492e-08,0
NSsm4av7AF8_003,1419,1.1469208693881685e-08,0
NSsm4av7AF8_003,1420,1.0812141404414888e-08,0
NSsm4av7AF8_003,1421,5.1926125621548636e-09,0
NSsm4av7AF8_003,1422,4.128454467178244e-09,0
NSsm4av7AF8_003,1423,2.59234145261189e-09,0
NSsm4av7AF8_003,1424,2.6410065245840993e-09,0
NSsm4av7AF8_003,1425,3.2728417753702384e-09,0
NSsm4av7AF8_003,1426,3.292903949514425e-09,0
NSsm4av7AF8_003,1427,5.437889250003991e-09,0
NSsm4av7AF8_003,1428,5.6249715996159474e-09,0
NSsm4av7AF8_003,1429,6.784260708769807e-09,0
NSsm4av7AF8_003,1430,7.013928993160334e-09,0
NSsm4av7AF8_003,1431,7.052523454120774e-09,0
NSsm4av7AF8_003,1432,7.96545762682399e-09,0
NSsm4av7AF8_003,1433,1.0040897890917222e-08,0
NSsm4av7AF8_003,1434,1.0495549318534358e-08,0
NSsm4av7AF8_003,1435,8.865828959869761e-09,0
NSsm4av7AF8_003,1436,5.172132055974998e-09,0
NSsm4av7AF8_003,1437,3.873851461833055e-09,0
NSsm4av7AF8_003,1438,2.7799884616541704e-09,0
NSsm4av7AF8_003,1439,2.5751083487790542e-09,0
NSsm4av7AF8_003,1440,5.973891159527511e-09,0
NSsm4av7AF8_003,1441,1.6528360902157146e-08,0
NSsm4av7AF8_003,1442,3.8390759016238014e-08,0
NSsm4av7AF8_003,1443,1.0570590802672086e-07,0
NSsm4av7AF8_003,1444,7.744030483536336e-08,0
NSsm4av7AF8_003,1445,9.582849713751784e-08,0
NSsm4av7AF8_003,1446,3.143275648653799e-07,0
NSsm4av7AF8_003,1447,7.423938086503767e-07,0
NSsm4av7AF8_003,1448,8.37179015888978e-07,0
NSsm4av7AF8_003,1449,3.711101612680068e-07,0
NSsm4av7AF8_003,1450,2.0515223297934426e-07,0
NSsm4av7AF8_003,1451,8.79648567320146e-08,0
NSsm4av7AF8_003,1452,6.562527943287932e-08,0
NSsm4av7AF8_003,1453,1.0506149550337797e-07,0
NSsm4av7AF8_003,1454,1.236638382806632e-07,0
NSsm4av7AF8_003,1455,1.2978981089872832e-07,0
NSsm4av7AF8_003,1456,5.476957554151341e-08,0
NSsm4av7AF8_003,1457,4.8630912630187595e-08,0
NSsm4av7AF8_003,1458,4.1511889037337824e-08,0
NSsm4av7AF8_003,1459,4.2679086931229904e-08,0
NSsm4av7AF8_003,1460,6.386526507640157e-08,0
NSsm4av7AF8_003,1461,6.14319759506543e-08,0
NSsm4av7AF8_003,1462,9.362398856183064e-08,0
NSsm4av7AF8_003,1463,2.3683104188876314e-07,0
NSsm4av7AF8_003,1464,3.45562568782043e-07,0
NSsm4av7AF8_003,1465,5.119976549394778e-07,0
NSsm4av7AF8_003,1466,7.494054443668574e-07,0
NSsm4av7AF8_003,1467,1.2292698556848336e-06,0
NSsm4av7AF8_003,1468,1.854383981481078e-06,0
NSsm4av7AF8_003,1469,3.960884441767121e-06,0
NSsm4av7AF8_003,1470,6.65015295453486e-06,0
NSsm4av7AF8_003,1471,7.755013029964175e-06,0
NSsm4av7AF8_003,1472,5.089686965220608e-05,0
NSsm4av7AF8_003,1473,0.0001536218478577,0
NSsm4av7AF8_003,1474,0.0001143465633504,0
NSsm4av7AF8_003,1475,7.675528468098491e-05,0
NSsm4av7AF8_003,1476,2.877621227526106e-05,0
NSsm4av7AF8_003,1477,1.4491034562524874e-05,0
NSsm4av7AF8_003,1478,5.381855316954898e-06,0
NSsm4av7AF8_003,1479,2.7102466901851585e-06,0
NSsm4av7AF8_003,1480,1.4983547771407757e-06,0
NSsm4av7AF8_003,1481,1.4519105207000391e-06,0
NSsm4av7AF8_003,1482,1.99210239770764e-06,0
NSsm4av7AF8_003,1483,2.1496459794434486e-06,0
NSsm4av7AF8_003,1484,1.6640516378174652e-06,0
NSsm4av7AF8_003,1485,1.0187120551563569e-06,0
NSsm4av7AF8_003,1486,6.224948947419762e-07,0
NSsm4av7AF8_003,1487,4.5769948542329075e-07,0
NSsm4av7AF8_003,1488,6.77210323374311e-07,0
NSsm4av7AF8_003,1489,6.951839282010042e-07,0
NSsm4av7AF8_003,1490,9.584235840520703e-07,0
NSsm4av7AF8_003,1491,1.6966004068308391e-06,0
NSsm4av7AF8_003,1492,1.3349285836739e-06,0
NSsm4av7AF8_003,1493,9.943453278538072e-07,0
NSsm4av7AF8_003,1494,2.440955313431914e-06,0
NSsm4av7AF8_003,1495,4.119874859043194e-07,0
NSsm4av7AF8_003,1496,1.559424589459013e-07,0
NSsm4av7AF8_003,1497,9.296418568283117e-08,0
NSsm4av7AF8_003,1498,5.5511872432134624e-08,0
NSsm4av7AF8_003,1499,3.9031341714235175e-08,0
NSsm4av7AF8_003,1500,3.7689598997303626e-08,0
NSsm4av7AF8_003,1501,3.6085559429466236e-08,0
NSsm4av7AF8_003,1502,5.6859082775417846e-08,0
NSsm4av7AF8_003,1503,1.0096479741150689e-07,0
NSsm4av7AF8_003,1504,2.1840341446477399e-07,0
NSsm4av7AF8_003,1505,2.261019744764781e-07,0
NSsm4av7AF8_003,1506,4.34372651625381e-07,0
NSsm4av7AF8_003,1507,9.653659844843787e-07,0
NSsm4av7AF8_003,1508,1.863187094386376e-06,0
NSsm4av7AF8_003,1509,1.7344785874229274e-06,0
NSsm4av7AF8_003,1510,2.340710807402502e-06,0
NSsm4av7AF8_003,1511,3.263722192059504e-06,0
NSsm4av7AF8_003,1512,2.527505557736731e-06,0
NSsm4av7AF8_003,1513,2.2968104076426243e-06,0
NSsm4av7AF8_003,1514,1.9080844140262343e-06,0
NSsm4av7AF8_003,1515,1.713292363092478e-06,0
NSsm4av7AF8_003,1516,2.5343265406263527e-06,0
NSsm4av7AF8_003,1517,2.7826481527881697e-06,0
NSsm4av7AF8_003,1518,2.4775604288151953e-06,0
NSsm4av7AF8_003,1519,3.748603148778784e-06,0
NSsm4av7AF8_003,1520,4.637996880774153e-06,0
NSsm4av7AF8_003,1521,5.177966158953495e-06,0
NSsm4av7AF8_003,1522,4.298936346458504e-06,0
NSsm4av7AF8_003,1523,5.201614385441644e-06,0
NSsm4av7AF8_003,1524,4.736261416837806e-06,0
NSsm4av7AF8_003,1525,3.365962129464606e-06,0
NSsm4av7AF8_003,1526,3.271705963925342e-06,0
NSsm4av7AF8_003,1527,9.386426995661168e-07,0
NSsm4av7AF8_003,1528,1.0080811989610083e-06,0
NSsm4av7AF8_003,1529,1.5223611171677476e-06,0
NSsm4av7AF8_003,1530,1.99910209630616e-06,0
NSsm4av7AF8_003,1531,1.8927553355752025e-06,0
NSsm4av7AF8_003,1532,2.5249278223782312e-06,0
NSsm4av7AF8_003,1533,4.24134623244754e-06,0
NSsm4av7AF8_003,1534,2.078358556900639e-05,0
NSsm4av7AF8_003,1535,0.0001929635182023,0
NSsm4av7AF8_003,1536,0.442130982875824,1
NSsm4av7AF8_003,1537,0.9963333606719972,1
NSsm4av7AF8_003,1538,0.9986180067062378,1
NSsm4av7AF8_003,1539,0.9999827146530152,1
NSsm4av7AF8_003,1540,0.9999964237213136,1
NSsm4av7AF8_003,1541,0.99999737739563,1
NSsm4av7AF8_003,1542,0.9999884366989136,1
NSsm4av7AF8_003,1543,0.999961256980896,1
NSsm4av7AF8_003,1544,0.9998973608016968,1
NSsm4av7AF8_003,1545,0.9999891519546508,1
NSsm4av7AF8_003,1546,0.9999982118606568,1
NSsm4av7AF8_003,1547,0.999998927116394,1
NSsm4av7AF8_003,1548,0.9999988079071044,1
NSsm4av7AF8_003,1549,0.9999995231628418,1
NSsm4av7AF8_003,1550,0.9999980926513672,1
NSsm4av7AF8_003,1551,0.9998794794082642,1
NSsm4av7AF8_003,1552,0.9950984120368958,1
NSsm4av7AF8_003,1553,0.9889925122261048,1
NSsm4av7AF8_003,1554,0.9777658581733704,1
NSsm4av7AF8_003,1555,0.9863297343254088,1
NSsm4av7AF8_003,1556,0.997687816619873,1
NSsm4av7AF8_003,1557,0.9996869564056396,1
NSsm4av7AF8_003,1558,0.999755084514618,1
NSsm4av7AF8_003,1559,0.9998761415481568,1
NSsm4av7AF8_003,1560,0.9997416138648988,1
NSsm4av7AF8_003,1561,0.9995142221450806,1
NSsm4av7AF8_003,1562,0.999165177345276,1
NSsm4av7AF8_003,1563,0.9978485107421876,1
NSsm4av7AF8_003,1564,0.9975311160087584,1
NSsm4av7AF8_003,1565,0.9957473874092102,1
NSsm4av7AF8_003,1566,0.9920634627342224,1
NSsm4av7AF8_003,1567,0.986966609954834,1
NSsm4av7AF8_003,1568,0.9772088527679444,1
NSsm4av7AF8_003,1569,0.9746306538581848,1
NSsm4av7AF8_003,1570,0.9730511903762816,1
NSsm4av7AF8_003,1571,0.9521324634552002,1
NSsm4av7AF8_003,1572,0.9214836955070496,1
NSsm4av7AF8_003,1573,0.8898488879203796,1
NSsm4av7AF8_003,1574,0.7829804420471191,1
NSsm4av7AF8_003,1575,0.658937394618988,1
NSsm4av7AF8_003,1576,0.3095811605453491,0
NSsm4av7AF8_003,1577,0.2026797384023666,0
NSsm4av7AF8_003,1578,0.1439142078161239,0
NSsm4av7AF8_003,1579,0.0885916352272033,0
NSsm4av7AF8_003,1580,0.0969925001263618,0
NSsm4av7AF8_003,1581,0.1272738724946975,0
NSsm4av7AF8_003,1582,0.0794568657875061,0
NSsm4av7AF8_003,1583,0.0787408500909805,0
NSsm4av7AF8_003,1584,0.053694624453783,0
NSsm4av7AF8_003,1585,0.0220537930727005,0
NSsm4av7AF8_003,1586,0.0100643187761306,0
NSsm4av7AF8_003,1587,0.0031169825233519,0
NSsm4av7AF8_003,1588,0.0003599206684157,0
NSsm4av7AF8_003,1589,4.466254176804796e-05,0
NSsm4av7AF8_003,1590,9.4650777100469e-06,0
NSsm4av7AF8_003,1591,3.095505007877364e-06,0
NSsm4av7AF8_003,1592,6.225233164514066e-07,0
NSsm4av7AF8_003,1593,2.2114127773420483e-07,0
NSsm4av7AF8_003,1594,8.88769022822089e-08,0
NSsm4av7AF8_003,1595,3.080239352470926e-08,0
NSsm4av7AF8_003,1596,1.1995672011266834e-08,0
NSsm4av7AF8_003,1597,1.295691287594991e-08,0
NSsm4av7AF8_003,1598,1.9009734231190123e-08,0
NSsm4av7AF8_003,1599,2.7297319959984634e-08,0
NSsm4av7AF8_003,1600,6.90375614453842e-08,0
NSsm4av7AF8_003,1601,9.797329170169179e-08,0
NSsm4av7AF8_003,1602,1.4370806411534434e-07,0
NSsm4av7AF8_003,1603,2.169275035157625e-07,0
NSsm4av7AF8_003,1604,2.280142155086651e-07,0
NSsm4av7AF8_003,1605,2.4386767449868785e-07,0
NSsm4av7AF8_003,1606,3.827838384040661e-07,0
NSsm4av7AF8_003,1607,3.949264169023081e-07,0
NSsm4av7AF8_003,1608,5.868693051525042e-07,0
NSsm4av7AF8_003,1609,5.78159870201489e-07,0
NSsm4av7AF8_003,1610,6.211824938873178e-07,0
NSsm4av7AF8_003,1611,5.275966827866796e-07,0
NSsm4av7AF8_003,1612,4.003178446509992e-07,0
NSsm4av7AF8_003,1613,5.422743925009854e-07,0
NSsm4av7AF8_003,1614,5.385189751905273e-07,0
NSsm4av7AF8_003,1615,2.883829495203827e-07,0
NSsm4av7AF8_003,1616,2.0995959459924054e-07,0
NSsm4av7AF8_003,1617,1.2651280201225745e-07,0
NSsm4av7AF8_003,1618,6.791474760348137e-08,0
NSsm4av7AF8_003,1619,3.4113551095060763e-08,0
NSsm4av7AF8_003,1620,2.229030648948083e-08,0
NSsm4av7AF8_003,1621,3.287608407731568e-08,0
NSsm4av7AF8_003,1622,4.253751484384338e-08,0
NSsm4av7AF8_003,1623,3.9149441022345854e-08,0
NSsm4av7AF8_003,1624,5.34515720573836e-08,0
NSsm4av7AF8_003,1625,3.8789842449205025e-08,0
NSsm4av7AF8_003,1626,2.4664885245329063e-08,0
NSsm4av7AF8_003,1627,2.708938851014864e-08,0
NSsm4av7AF8_003,1628,2.452144265419065e-08,0
NSsm4av7AF8_003,1629,1.3671791698754989e-08,0
NSsm4av7AF8_003,1630,2.4938449527667217e-08,0
NSsm4av7AF8_003,1631,3.6931020019892464e-08,0
NSsm4av7AF8_003,1632,7.60029053026301e-08,0
NSsm4av7AF8_003,1633,2.448723819270527e-07,0
NSsm4av7AF8_003,1634,1.234773321812099e-06,0
NSsm4av7AF8_003,1635,5.9046446949651e-06,0
NSsm4av7AF8_003,1636,1.764033549989108e-05,0
NSsm4av7AF8_003,1637,2.429917367408052e-05,0
NSsm4av7AF8_003,1638,3.6627345252782106e-05,0
NSsm4av7AF8_003,1639,9.166524978354572e-05,0
NSsm4av7AF8_003,1640,0.0002209871745435,0
NSsm4av7AF8_003,1641,0.000335913762683,0
NSsm4av7AF8_003,1642,0.0003718133666552,0
NSsm4av7AF8_003,1643,0.0004380296450108,0
NSsm4av7AF8_003,1644,0.001364265801385,0
NSsm4av7AF8_003,1645,0.0045160413719713,0
NSsm4av7AF8_003,1646,0.0220988914370536,0
NSsm4av7AF8_003,1647,0.005230716895312,0
NSsm4av7AF8_003,1648,0.0004750256193801,0
NSsm4av7AF8_003,1649,0.0004072530718985,0
NSsm4av7AF8_003,1650,0.0004995474009774,0
NSsm4av7AF8_003,1651,0.001186063629575,0
NSsm4av7AF8_003,1652,0.0020345302764326,0
NSsm4av7AF8_003,1653,0.0043682944960892,0
NSsm4av7AF8_003,1654,0.0112804770469665,0
NSsm4av7AF8_003,1655,0.004683137871325,0
NSsm4av7AF8_003,1656,0.0015638006152585,0
NSsm4av7AF8_003,1657,0.0010465865489095,0
NSsm4av7AF8_003,1658,0.0007427321397699,0
NSsm4av7AF8_003,1659,0.0009104654309339,0
NSsm4av7AF8_003,1660,0.0017512432532384,0
NSsm4av7AF8_003,1661,0.0020345449447631,0
NSsm4av7AF8_003,1662,0.0036847090814262,0
NSsm4av7AF8_003,1663,0.008371795527637,0
NSsm4av7AF8_003,1664,0.0218674074858427,0
NSsm4av7AF8_003,1665,0.1014005690813064,0
NSsm4av7AF8_003,1666,0.7057439088821411,1
NSsm4av7AF8_003,1667,0.936737060546875,1
NSsm4av7AF8_003,1668,0.996368408203125,1
NSsm4av7AF8_003,1669,0.9993671774864196,1
NSsm4av7AF8_003,1670,0.9999985694885254,1
NSsm4av7AF8_003,1671,0.9999995231628418,1
NSsm4av7AF8_003,1672,0.9999979734420776,1
NSsm4av7AF8_003,1673,1.0,1
NSsm4av7AF8_003,1674,1.0,1
NSsm4av7AF8_003,1675,1.0,1
NSsm4av7AF8_003,1676,1.0,1
NSsm4av7AF8_003,1677,1.0,1
NSsm4av7AF8_003,1678,1.0,1
NSsm4av7AF8_003,1679,1.0,1
NSsm4av7AF8_003,1680,1.0,1
NSsm4av7AF8_003,1681,1.0,1
NSsm4av7AF8_003,1682,1.0,1
NSsm4av7AF8_003,1683,1.0,1
NSsm4av7AF8_003,1684,1.0,1
NSsm4av7AF8_003,1685,1.0,1
NSsm4av7AF8_003,1686,1.0,1
NSsm4av7AF8_003,1687,1.0,1
NSsm4av7AF8_003,1688,1.0,1
NSsm4av7AF8_003,1689,1.0,1
NSsm4av7AF8_003,1690,1.0,1
NSsm4av7AF8_003,1691,1.0,1
NSsm4av7AF8_003,1692,1.0,1
NSsm4av7AF8_003,1693,1.0,1
NSsm4av7AF8_003,1694,1.0,1
NSsm4av7AF8_003,1695,1.0,1
NSsm4av7AF8_003,1696,1.0,1
NSsm4av7AF8_003,1697,1.0,1
NSsm4av7AF8_003,1698,1.0,1
NSsm4av7AF8_003,1699,1.0,1
NSsm4av7AF8_003,1700,1.0,1
NSsm4av7AF8_003,1701,1.0,1
NSsm4av7AF8_003,1702,1.0,1
NSsm4av7AF8_003,1703,1.0,1
NSsm4av7AF8_003,1704,1.0,1
NSsm4av7AF8_003,1705,1.0,1
NSsm4av7AF8_003,1706,1.0,1
NSsm4av7AF8_003,1707,1.0,1
NSsm4av7AF8_003,1708,1.0,1
NSsm4av7AF8_003,1709,1.0,1
NSsm4av7AF8_003,1710,1.0,1
NSsm4av7AF8_003,1711,1.0,1
NSsm4av7AF8_003,1712,1.0,1
NSsm4av7AF8_003,1713,1.0,1
NSsm4av7AF8_003,1714,1.0,1
NSsm4av7AF8_003,1715,1.0,1
NSsm4av7AF8_003,1716,1.0,1
NSsm4av7AF8_003,1717,1.0,1
NSsm4av7AF8_003,1718,1.0,1
NSsm4av7AF8_003,1719,1.0,1
NSsm4av7AF8_003,1720,1.0,1
NSsm4av7AF8_003,1721,1.0,1
NSsm4av7AF8_003,1722,1.0,1
NSsm4av7AF8_003,1723,1.0,1
NSsm4av7AF8_003,1724,1.0,1
NSsm4av7AF8_003,1725,1.0,1
NSsm4av7AF8_003,1726,1.0,1
NSsm4av7AF8_003,1727,1.0,1
NSsm4av7AF8_003,1728,1.0,1
NSsm4av7AF8_003,1729,1.0,1
NSsm4av7AF8_003,1730,0.9999996423721312,1
NSsm4av7AF8_003,1731,0.9999992847442628,1
NSsm4av7AF8_003,1732,0.9999995231628418,1
NSsm4av7AF8_003,1733,0.9999997615814208,1
NSsm4av7AF8_003,1734,1.0,1
NSsm4av7AF8_003,1735,1.0,1
NSsm4av7AF8_003,1736,1.0,1
NSsm4av7AF8_003,1737,1.0,1
NSsm4av7AF8_003,1738,1.0,1
NSsm4av7AF8_003,1739,1.0,1
NSsm4av7AF8_003,1740,1.0,1
NSsm4av7AF8_003,1741,1.0,1
NSsm4av7AF8_003,1742,1.0,1
NSsm4av7AF8_003,1743,1.0,1
NSsm4av7AF8_003,1744,1.0,1
NSsm4av7AF8_003,1745,1.0,1
NSsm4av7AF8_003,1746,1.0,1
NSsm4av7AF8_003,1747,1.0,1
NSsm4av7AF8_003,1748,1.0,1
NSsm4av7AF8_003,1749,1.0,1
NSsm4av7AF8_003,1750,1.0,1
NSsm4av7AF8_003,1751,1.0,1
NSsm4av7AF8_003,1752,1.0,1
NSsm4av7AF8_003,1753,1.0,1
NSsm4av7AF8_003,1754,1.0,1
NSsm4av7AF8_003,1755,1.0,1
NSsm4av7AF8_003,1756,1.0,1
NSsm4av7AF8_003,1757,1.0,1
NSsm4av7AF8_003,1758,1.0,1
NSsm4av7AF8_003,1759,1.0,1
NSsm4av7AF8_003,1760,1.0,1
NSsm4av7AF8_003,1761,1.0,1
NSsm4av7AF8_003,1762,1.0,1
NSsm4av7AF8_003,1763,1.0,1
NSsm4av7AF8_003,1764,1.0,1
NSsm4av7AF8_003,1765,1.0,1
NSsm4av7AF8_003,1766,1.0,1
NSsm4av7AF8_003,1767,1.0,1
NSsm4av7AF8_003,1768,1.0,1
NSsm4av7AF8_003,1769,1.0,1
NSsm4av7AF8_003,1770,1.0,1
NSsm4av7AF8_003,1771,1.0,1
NSsm4av7AF8_003,1772,1.0,1
NSsm4av7AF8_003,1773,1.0,1
NSsm4av7AF8_003,1774,1.0,1
NSsm4av7AF8_003,1775,1.0,1
NSsm4av7AF8_003,1776,1.0,1
NSsm4av7AF8_003,1777,1.0,1
NSsm4av7AF8_003,1778,1.0,1
NSsm4av7AF8_003,1779,1.0,1
NSsm4av7AF8_003,1780,1.0,1
NSsm4av7AF8_003,1781,1.0,1
NSsm4av7AF8_003,1782,1.0,1
NSsm4av7AF8_003,1783,1.0,1
NSsm4av7AF8_003,1784,1.0,1
NSsm4av7AF8_003,1785,1.0,1
NSsm4av7AF8_003,1786,1.0,1
NSsm4av7AF8_003,1787,1.0,1
NSsm4av7AF8_003,1788,1.0,1
NSsm4av7AF8_003,1789,1.0,1
NSsm4av7AF8_003,1790,1.0,1
NSsm4av7AF8_003,1791,1.0,1
NSsm4av7AF8_003,1792,1.0,1
NSsm4av7AF8_003,1793,1.0,1
NSsm4av7AF8_003,1794,1.0,1
NSsm4av7AF8_003,1795,1.0,1
NSsm4av7AF8_003,1796,1.0,1
NSsm4av7AF8_003,1797,1.0,1
NSsm4av7AF8_003,1798,1.0,1
NSsm4av7AF8_003,1799,1.0,1
